"ts","amount","block_trade_id","direction","index_price","price","mark_price","trade_id","trade_seq"
"2024-04-17 19:52:18.389+00",60,"","sell",61129.64,61106.5,61108.67,"297862814",205030387
"2024-04-17 19:52:17.242+00",10,"","buy",61125.5,61098,61104.61,"297862813",205030386
"2024-04-17 19:52:16.103+00",25000,"","buy",61114.88,61092,61093.92,"297862812",205030385
"2024-04-17 19:52:16.103+00",10,"","buy",61114.88,61092,61093.92,"297862811",205030384
"2024-04-17 19:52:14.769+00",4440,"","sell",61119.3,61106.5,61098.53,"297862810",205030383
"2024-04-17 19:52:06.487+00",10,"","buy",61104.61,61095.5,61082.25,"297862808",205030382
"2024-04-17 19:52:06.144+00",15870,"","buy",61104.61,61086,61082.25,"297862807",205030381
"2024-04-17 19:52:06.143+00",4820,"","buy",61104.61,61086,61082.25,"297862806",205030380
"2024-04-17 19:52:06.141+00",1660,"","buy",61104.61,61086,61082.25,"297862805",205030379
"2024-04-17 19:52:06.14+00",10,"","buy",61104.61,61086,61082.25,"297862803",205030377
"2024-04-17 19:52:06.14+00",2650,"","buy",61104.61,61086,61082.25,"297862804",205030378
"2024-04-17 19:52:06.14+00",40,"","buy",61104.61,61086,61082.25,"297862802",205030376
"2024-04-17 19:52:04.249+00",50,"","buy",61090.28,61072,61067.56,"297862800",205030374
"2024-04-17 19:52:04.249+00",10,"","buy",61090.28,61072,61067.56,"297862801",205030375
"2024-04-17 19:52:04.059+00",10,"","buy",61090.28,61071,61067.56,"297862799",205030373
"2024-04-17 19:52:04.059+00",40,"","buy",61090.28,61071,61067.56,"297862798",205030372
"2024-04-17 19:52:03.6+00",40,"","buy",61086.78,61061,61063.79,"297862796",205030370
"2024-04-17 19:52:03.6+00",10,"","buy",61086.78,61061,61063.79,"297862797",205030371
"2024-04-17 19:52:03.443+00",1110,"","buy",61086.78,61058,61063.79,"297862794",205030368
"2024-04-17 19:52:03.443+00",40,"","buy",61086.78,61058,61063.79,"297862795",205030369
"2024-04-17 19:52:03.441+00",4440,"","buy",61086.78,61058,61063.79,"297862793",205030367
"2024-04-17 19:52:03.44+00",3500,"","buy",61086.78,61058,61063.79,"297862792",205030366
"2024-04-17 19:52:03.438+00",4950,"","buy",61086.78,61058,61063.79,"297862791",205030365
"2024-04-17 19:52:03.437+00",2380,"","buy",61086.78,61058,61063.79,"297862790",205030364
"2024-04-17 19:52:03.43+00",20,"","buy",61086.78,61058,61063.79,"297862786",205030360
"2024-04-17 19:52:03.43+00",6670,"","buy",61086.78,61058,61063.79,"297862788",205030362
"2024-04-17 19:52:03.43+00",10,"","buy",61086.78,61058,61063.79,"297862787",205030361
"2024-04-17 19:52:03.43+00",8620,"","buy",61086.78,61058,61063.79,"297862789",205030363
"2024-04-17 19:52:03.355+00",120,"","buy",61086.78,61058,61063.79,"297862785",205030359
"2024-04-17 19:52:03.347+00",750,"","buy",61086.78,61058,61063.79,"297862784",205030358
"2024-04-17 19:52:03.295+00",120,"","buy",61086.78,61058,61063.79,"297862783",205030357
"2024-04-17 19:52:03.269+00",20,"","buy",61086.78,61058,61063.79,"297862782",205030356
"2024-04-17 19:51:59.244+00",10,"","buy",61076.64,61044.5,61053.83,"297862780",205030354
"2024-04-17 19:51:59.244+00",750,"","buy",61076.64,61044.5,61053.83,"297862781",205030355
"2024-04-17 19:51:51.576+00",320,"","sell",61092.36,61071.5,61071.54,"297862779",205030353
"2024-04-17 19:51:51.575+00",140,"","sell",61092.36,61071.5,61071.54,"297862778",205030352
"2024-04-17 19:51:46.582+00",2710,"","buy",61098.71,61072,61078.31,"297862777",205030351
"2024-04-17 19:51:43.893+00",100,"","buy",61092.94,61072,61073.07,"297862776",205030350
"2024-04-17 19:51:43.893+00",10,"","buy",61092.94,61072,61073.07,"297862775",205030349
"2024-04-17 19:51:43.044+00",50,"","sell",61084.58,61071.5,61064.75,"297862773",205030347
"2024-04-17 19:51:43.044+00",4950,"","sell",61084.58,61071.5,61064.75,"297862774",205030348
"2024-04-17 19:51:42.688+00",10,"","buy",61084.58,61066.5,61064.28,"297862771",205030346
"2024-04-17 19:51:41.655+00",910,"","buy",61079.12,61137.5,61127.13,"297862770",304742
"2024-04-17 19:51:41.437+00",90,"","buy",61079.13,61052,61058.58,"297862769",205030345
"2024-04-17 19:51:41.434+00",120,"","buy",61079.13,61052,61058.58,"297862768",205030344
"2024-04-17 19:51:41.431+00",120,"","buy",61079.13,61052,61058.58,"297862767",205030343
"2024-04-17 19:51:41.429+00",160,"","buy",61079.13,61052,61058.58,"297862766",205030342
"2024-04-17 19:51:41.423+00",10,"","buy",61079.13,61052,61058.58,"297862764",205030340
"2024-04-17 19:51:41.423+00",3040,"","buy",61079.13,61052,61058.58,"297862765",205030341
"2024-04-17 19:51:37.962+00",25000,"","buy",61079.91,61051,61060.06,"297862762",205030339
"2024-04-17 19:51:37.962+00",10,"","buy",61079.91,61051,61060.06,"297862761",205030338
"2024-04-17 19:51:36.919+00",12860,"","sell",61083.75,61067,61064.21,"297862759",205030336
"2024-04-17 19:51:36.919+00",3280,"","sell",61083.75,61067,61064.21,"297862760",205030337
"2024-04-17 19:51:36.885+00",10,"","sell",61083.75,61065,61053.49,"297862758",85676
"2024-04-17 19:51:29.774+00",370,"","sell",61097.81,61088.5,61078.36,"297862757",205030335
"2024-04-17 19:51:26.33+00",10,"","buy",61093.88,61079.5,61073.66,"297862756",205030334
"2024-04-17 19:51:25.482+00",19840,"","buy",61093.88,61067.5,61073.33,"297862755",205030333
"2024-04-17 19:51:25.482+00",10,"","buy",61093.88,61067.5,61073.33,"297862754",205030332
"2024-04-17 19:51:19.402+00",100,"","sell",61103.84,61092,61084.54,"297862752",205030330
"2024-04-17 19:51:19.402+00",400,"","sell",61103.84,61085.5,61084.54,"297862753",205030331
"2024-04-17 19:51:18.105+00",10,"","buy",61104.63,61085,61085.23,"297862751",205030329
"2024-04-17 19:51:18.088+00",25000,"","buy",61104.63,61085,61085.23,"297862750",205030328
"2024-04-17 19:51:18.043+00",10,"","buy",61104.63,61085,61085.23,"297862749",205030327
"2024-04-17 19:51:17.147+00",180,"","sell",61090.88,61084.5,61071.29,"297862748",205030326
"2024-04-17 19:51:15.842+00",4160,"","buy",61090.88,61072.5,61070.57,"297862747",205030325
"2024-04-17 19:51:15.836+00",2510,"","buy",61090.88,61072.5,61070.57,"297862746",205030324
"2024-04-17 19:51:15.816+00",25000,"","buy",61090.88,61071,61070.57,"297862744",205030322
"2024-04-17 19:51:15.816+00",25000,"","buy",61090.88,61071.5,61070.57,"297862745",205030323
"2024-04-17 19:51:15.816+00",10,"","buy",61090.88,61071,61070.57,"297862743",205030321
"2024-04-17 19:51:13.779+00",10000,"","sell",61090.7,61070.5,61070.38,"297862741",205030319
"2024-04-17 19:51:13.779+00",2000,"","sell",61090.7,61070.5,61070.38,"297862742",205030320
"2024-04-17 19:51:11.233+00",8290,"","sell",61096.84,61070,61076.43,"297862740",205030318
"2024-04-17 19:51:11.233+00",6100,"","sell",61096.84,61072,61076.43,"297862739",205030317
"2024-04-17 19:51:10.132+00",21370,"","sell",61109.78,61074,61089.48,"297862738",205030316
"2024-04-17 19:51:10.132+00",50,"","sell",61109.78,61074,61089.48,"297862737",205030315
"2024-04-17 19:51:06.751+00",20,"","sell",61120.33,61084.5,61101.38,"297862735",205030313
"2024-04-17 19:51:06.751+00",14370,"","sell",61120.33,61084.5,61101.38,"297862736",205030314
"2024-04-17 19:51:05.646+00",10,"","sell",61127.7,61100,61109.31,"297862731",205030309
"2024-04-17 19:51:05.646+00",12090,"","sell",61127.7,61090.5,61109.31,"297862733",205030311
"2024-04-17 19:51:05.646+00",3320,"","sell",61127.7,61084,61109.31,"297862734",205030312
"2024-04-17 19:51:05.646+00",6000,"","sell",61127.7,61093,61109.31,"297862732",205030310
"2024-04-17 19:51:04.156+00",2790,"","sell",61144.83,61118,61127.32,"297862730",205030308
"2024-04-17 19:51:03.74+00",10,"","sell",61144.83,61118.5,61127.32,"297862728",205030306
"2024-04-17 19:51:03.74+00",1210,"","sell",61144.83,61118,61127.32,"297862729",205030307
"2024-04-17 19:51:03.739+00",10,"","sell",61144.83,61120,61127.32,"297862726",205030304
"2024-04-17 19:51:03.739+00",3010,"","sell",61144.83,61118.5,61127.32,"297862727",205030305
"2024-04-17 19:51:03.734+00",7090,"","sell",61144.83,61120,61127.32,"297862725",205030303
"2024-04-17 19:51:03.732+00",5300,"","sell",61144.83,61120,61127.32,"297862724",205030302
"2024-04-17 19:51:03.712+00",10,"","sell",61144.83,61117.5,61116.48,"297862723",85675
"2024-04-17 19:51:03.693+00",50,"","sell",61144.83,61123,61127.32,"297862722",205030301
"2024-04-17 19:51:03.689+00",6740,"","sell",61144.83,61127,61127.32,"297862720",205030299
"2024-04-17 19:51:03.689+00",170,"","sell",61144.83,61127,61127.32,"297862721",205030300
"2024-04-17 19:51:03.658+00",50,"","sell",61144.83,61128.5,61127.32,"297862719",205030298
"2024-04-17 19:51:03.658+00",1870,"","sell",61144.83,61128.5,61127.32,"297862718",205030297
"2024-04-17 19:50:58.091+00",100,"","sell",61151.45,61131.5,61133.99,"297862716",205030295
"2024-04-17 19:50:58.091+00",100,"","sell",61151.45,61131.5,61133.99,"297862717",205030296
"2024-04-17 19:50:53.073+00",520,"","sell",61159.02,61144,61142.33,"297862714",205030293
"2024-04-17 19:50:53.073+00",10,"","sell",61159.02,61144,61142.33,"297862715",205030294
"2024-04-17 19:50:48.357+00",19400,"","buy",61154.63,61140,61138.03,"297862710",205030289
"2024-04-17 19:50:48.357+00",700,"","buy",61154.63,61136.5,61138.03,"297862706",205030285
"2024-04-17 19:50:48.357+00",50,"","buy",61154.63,61147.5,61138.03,"297862712",205030291
"2024-04-17 19:50:48.357+00",1320,"","buy",61154.63,61136.5,61138.03,"297862708",205030287
"2024-04-17 19:50:48.357+00",25000,"","buy",61154.63,61140.5,61138.03,"297862711",205030290
"2024-04-17 19:50:48.357+00",19400,"","buy",61154.63,61136.5,61138.03,"297862707",205030286
"2024-04-17 19:50:48.357+00",5000,"","buy",61154.63,61138.5,61138.03,"297862709",205030288
"2024-04-17 19:50:48.357+00",25000,"","buy",61154.63,61136.5,61138.03,"297862705",205030284
"2024-04-17 19:50:48.357+00",4130,"","buy",61154.63,61147.5,61138.03,"297862713",205030292
"2024-04-17 19:50:46.838+00",130,"","sell",61165.5,61148.5,61149.04,"297862703",205030282
"2024-04-17 19:50:46.838+00",130,"","sell",61165.5,61148.5,61149.04,"297862704",205030283
"2024-04-17 19:50:46.124+00",100,"","sell",61165.5,61148.5,61148.88,"297862700",205030279
"2024-04-17 19:50:46.124+00",150,"","sell",61165.5,61148.5,61148.88,"297862702",205030281
"2024-04-17 19:50:46.124+00",150,"","sell",61165.5,61148.5,61148.88,"297862701",205030280
"2024-04-17 19:50:45.569+00",30,"","sell",61157.16,61148.5,61139.96,"297862699",205030278
"2024-04-17 19:50:45.145+00",10,"","buy",61157.16,61136,61139.96,"297862698",205030277
"2024-04-17 19:50:44.573+00",10,"","buy",61147.92,61129,61130.72,"297862694",205030273
"2024-04-17 19:50:44.573+00",10,"","buy",61147.92,61129,61130.72,"297862697",205030276
"2024-04-17 19:50:44.573+00",21850,"","buy",61147.92,61129,61130.72,"297862692",205030271
"2024-04-17 19:50:44.573+00",25000,"","buy",61147.92,61129,61130.72,"297862693",205030272
"2024-04-17 19:50:44.573+00",390,"","buy",61147.92,61129,61130.72,"297862695",205030274
"2024-04-17 19:50:44.573+00",1040,"","buy",61147.92,61129,61130.72,"297862696",205030275
"2024-04-17 19:50:44.572+00",7510,"","buy",61147.92,61129,61130.72,"297862691",205030270
"2024-04-17 19:50:44.562+00",26110,"","buy",61147.92,61129,61130.72,"297862690",205030269
"2024-04-17 19:50:38.186+00",80,"","sell",61146.42,61128.5,61129.85,"297862689",205030268
"2024-04-17 19:50:28.654+00",90,"","sell",61171.42,61157,61156.52,"297862686",205030267
"2024-04-17 19:50:27.803+00",2320,"","sell",61173.17,61163.5,61158.27,"297862685",205030266
"2024-04-17 19:50:27.678+00",340,"","sell",61173.17,61163.5,61158.27,"297862684",205030265
"2024-04-17 19:50:27.676+00",1200,"","sell",61173.17,61163.5,61158.27,"297862683",205030264
"2024-04-17 19:50:27.671+00",2320,"","sell",61173.17,61163.5,61158.27,"297862682",205030263
"2024-04-17 19:50:26.808+00",7970,"","sell",61176.76,61163.5,61161.71,"297862681",205030262
"2024-04-17 19:50:26.804+00",3550,"","sell",61176.76,61163.5,61161.71,"297862680",205030261
"2024-04-17 19:50:26.802+00",1410,"","sell",61176.76,61163.5,61161.71,"297862679",205030260
"2024-04-17 19:50:26.8+00",15360,"","sell",61176.76,61163.5,61161.71,"297862678",205030259
"2024-04-17 19:50:26.799+00",17800,"","sell",61176.76,61163.5,61161.71,"297862677",205030258
"2024-04-17 19:50:26.797+00",7020,"","sell",61176.76,61163.5,61161.71,"297862676",205030257
"2024-04-17 19:50:26.795+00",14200,"","sell",61176.76,61163.5,61161.71,"297862675",205030256
"2024-04-17 19:50:26.791+00",7990,"","sell",61176.76,61163.5,61161.71,"297862674",205030255
"2024-04-17 19:50:26.788+00",2180,"","sell",61176.76,61163.5,61161.71,"297862673",205030254
"2024-04-17 19:50:26.774+00",10920,"","sell",61176.76,61163.5,61161.71,"297862672",205030253
"2024-04-17 19:50:26.395+00",2580,"","sell",61176.76,61163.5,61161.71,"297862671",205030252
"2024-04-17 19:50:26.39+00",5360,"","sell",61176.76,61163.5,61161.71,"297862670",205030251
"2024-04-17 19:50:26.384+00",2340,"","sell",61176.76,61163.5,61161.71,"297862669",205030250
"2024-04-17 19:50:26.379+00",90,"","sell",61176.76,61163.5,61161.71,"297862668",205030249
"2024-04-17 19:50:26.375+00",25080,"","sell",61176.76,61163.5,61161.71,"297862667",205030248
"2024-04-17 19:50:26.37+00",160,"","sell",61176.76,61163.5,61161.71,"297862666",205030247
"2024-04-17 19:50:26.317+00",2900,"","sell",61176.76,61163.5,61161.71,"297862665",205030246
"2024-04-17 19:50:26.316+00",9970,"","sell",61176.76,61163.5,61161.71,"297862664",205030245
"2024-04-17 19:50:26.275+00",1570,"","sell",61176.76,61163.5,61161.71,"297862663",205030244
"2024-04-17 19:50:26.271+00",14050,"","sell",61176.76,61163.5,61161.64,"297862662",205030243
"2024-04-17 19:50:26.264+00",14600,"","sell",61176.76,61163.5,61161.64,"297862661",205030242
"2024-04-17 19:50:26.239+00",1790,"","sell",61176.76,61163.5,61161.64,"297862660",205030241
"2024-04-17 19:50:26.236+00",46940,"","sell",61176.76,61163.5,61161.64,"297862659",205030240
"2024-04-17 19:50:25.873+00",8070,"","sell",61179.41,61163.5,61164.29,"297862656",205030239
"2024-04-17 19:50:25.859+00",8250,"","sell",61179.41,61163.5,61164.29,"297862655",205030238
"2024-04-17 19:50:25.756+00",25860,"","sell",61179.41,61163.5,61164.29,"297862654",205030237
"2024-04-17 19:50:22.568+00",260,"","sell",61186.66,61179,61171.65,"297862650",205030236
"2024-04-17 19:50:22.225+00",80,"","sell",61186.66,61179,61171.54,"297862649",205030235
"2024-04-17 19:50:19.99+00",200,"","buy",61193.16,61183,61177.99,"297862648",205030234
"2024-04-17 19:50:18.835+00",20,"","buy",61181.04,61164,61165.39,"297862647",205030233
"2024-04-17 19:50:18.825+00",11690,"","buy",61181.04,61164,61165.39,"297862645",205030231
"2024-04-17 19:50:18.825+00",10110,"","buy",61181.04,61164,61165.39,"297862646",205030232
"2024-04-17 19:50:18.761+00",10350,"","buy",61181.04,61164,61165.39,"297862644",205030230
"2024-04-17 19:50:18.754+00",38390,"","buy",61181.04,61164,61165.39,"297862643",205030229
"2024-04-17 19:50:15.279+00",840,"","buy",61177.94,61164,61162.34,"297862641",205030228
"2024-04-17 19:50:15.273+00",840,"","sell",61177.94,61245,61238.41,"297862640",304741
"2024-04-17 19:50:15.253+00",840,"","buy",61177.94,61164,61162.34,"297862639",205030227
"2024-04-17 19:50:15.219+00",4160,"","buy",61177.94,61164,61162.34,"297862638",205030226
"2024-04-17 19:50:15.214+00",840,"","sell",61177.94,61245,61238.41,"297862637",304740
"2024-04-17 19:50:15.163+00",5000,"","buy",61177.94,61164,61162.34,"297862636",205030225
"2024-04-17 19:50:15.161+00",4160,"","sell",61177.94,61245,61238.41,"297862635",304739
"2024-04-17 19:50:15.115+00",840,"","buy",61177.94,61164,61162.34,"297862634",205030224
"2024-04-17 19:50:15.11+00",5000,"","sell",61177.94,61242.5,61238.41,"297862633",304738
"2024-04-17 19:50:15.088+00",840,"","sell",61177.94,61242.5,61238.41,"297862632",304737
"2024-04-17 19:50:15.086+00",9160,"","buy",61177.94,61164,61162.34,"297862631",205030223
"2024-04-17 19:50:15.074+00",9160,"","sell",61177.94,61242.5,61238.41,"297862630",304736
"2024-04-17 19:50:15.061+00",840,"","buy",61177.94,61164,61162.34,"297862629",205030222
"2024-04-17 19:50:15.03+00",9160,"","buy",61177.94,61164,61162.34,"297862628",205030221
"2024-04-17 19:50:15.002+00",840,"","sell",61177.94,61247.5,61238.41,"297862627",304735
"2024-04-17 19:50:14.979+00",830,"","buy",61177.94,61164,61162.34,"297862626",205030220
"2024-04-17 19:50:14.979+00",10,"","buy",61177.94,61164,61162.34,"297862625",205030219
"2024-04-17 19:50:14.977+00",9160,"","sell",61178.57,61247.5,61239.04,"297862624",304734
"2024-04-17 19:50:14.965+00",840,"","sell",61178.57,61247.5,61239.04,"297862623",304733
"2024-04-17 19:50:14.962+00",9160,"","buy",61177.94,61164,61162.34,"297862622",205030218
"2024-04-17 19:50:14.908+00",9160,"","sell",61178.57,61245,61239.04,"297862621",304732
"2024-04-17 19:50:14.814+00",100,"","buy",61178.57,62202.5,62207.23,"297862620",1159556
"2024-04-17 19:50:07.804+00",40530,"","buy",61184.29,61164,61169.23,"297862616",205030215
"2024-04-17 19:50:07.804+00",2330,"","buy",61184.29,61164,61169.23,"297862618",205030217
"2024-04-17 19:50:07.804+00",5280,"","buy",61184.29,61164,61169.23,"297862617",205030216
"2024-04-17 19:50:06.216+00",14390,"","sell",61181.38,61163.5,61166.51,"297862615",205030214
"2024-04-17 19:50:05.759+00",840,"","buy",61178.67,61164,61163.89,"297862614",205030213
"2024-04-17 19:50:05.754+00",840,"","sell",61178.67,61242.5,61239.08,"297862613",304731
"2024-04-17 19:50:05.753+00",4160,"","buy",61178.67,61164,61163.89,"297862612",205030212
"2024-04-17 19:50:05.74+00",5840,"","buy",61178.67,61164,61163.89,"297862611",205030211
"2024-04-17 19:50:05.74+00",4160,"","sell",61178.67,61242.5,61239.08,"297862610",304730
"2024-04-17 19:50:05.733+00",5840,"","sell",61178.67,61242.5,61239.08,"297862609",304729
"2024-04-17 19:50:05.733+00",4160,"","buy",61178.67,61164,61163.89,"297862608",205030210
"2024-04-17 19:50:05.687+00",4160,"","sell",61178.67,61242.5,61239.08,"297862607",304728
"2024-04-17 19:50:04.074+00",21420,"","sell",61177.36,61163.5,61162.58,"297862606",205030209
"2024-04-17 19:50:00.518+00",20,"","sell",61186.66,61166.5,61171.99,"297862605",205030208
"2024-04-17 19:50:00.281+00",100,"","sell",61186.66,61171.5,61171.99,"297862602",205030205
"2024-04-17 19:50:00.281+00",12090,"","sell",61186.66,61170.5,61171.99,"297862603",205030206
"2024-04-17 19:50:00.281+00",15000,"","sell",61186.66,61169,61171.99,"297862604",205030207
"2024-04-17 19:50:00.14+00",81160,"","sell",61186.66,61171,61171.99,"297862601",205030204
"2024-04-17 19:50:00.135+00",3070,"","sell",61186.66,61171.5,61171.99,"297862600",205030203
"2024-04-17 19:50:00.134+00",1400,"","sell",61186.66,61242.5,61247.22,"297862599",304727
"2024-04-17 19:50:00.129+00",3560,"","sell",61186.66,61242.5,61247.22,"297862598",304726
"2024-04-17 19:50:00.128+00",2100,"","sell",61186.66,61242.5,61247.22,"297862597",304725
"2024-04-17 19:50:00.127+00",800,"","sell",61186.66,61242.5,61247.22,"297862596",304724
"2024-04-17 19:50:00.119+00",15000,"","sell",61186.66,61173,61171.99,"297862594",205030202
"2024-04-17 19:50:00.119+00",4300,"","sell",61186.66,61245,61247.22,"297862595",304723
"2024-04-17 19:50:00.117+00",7800,"","sell",61186.66,61245,61247.22,"297862593",304722
"2024-04-17 19:50:00.116+00",12090,"","sell",61186.66,61174.5,61171.99,"297862592",205030201
"2024-04-17 19:50:00.115+00",940,"","sell",61186.66,61245,61247.22,"297862591",304721
"2024-04-17 19:50:00.114+00",760,"","sell",61186.66,61245,61247.22,"297862589",304719
"2024-04-17 19:50:00.114+00",100,"","sell",61186.66,61245,61247.22,"297862590",304720
"2024-04-17 19:50:00.113+00",1100,"","sell",61186.66,61245,61247.22,"297862588",304718
"2024-04-17 19:50:00.113+00",100,"","sell",61186.66,61177.5,61171.99,"297862587",205030200
"2024-04-17 19:49:59.126+00",4590,"","buy",61185.71,61185,61170.79,"297862585",205030199
"2024-04-17 19:49:59.101+00",1210,"","buy",61185.71,61184.5,61170.79,"297862584",205030198
"2024-04-17 19:49:59.064+00",400,"","buy",61185.71,61180,61170.79,"297862582",205030196
"2024-04-17 19:49:59.064+00",60,"","buy",61185.71,61180,61170.79,"297862583",205030197
"2024-04-17 19:49:59.039+00",10,"","buy",61185.71,61171,61170.79,"297862579",205030194
"2024-04-17 19:49:59.039+00",3730,"","buy",61185.71,61171,61170.79,"297862580",205030195
"2024-04-17 19:49:59.039+00",60,"","sell",61185.71,61250,61246.2,"297862581",304717
"2024-04-17 19:49:59.021+00",50,"","sell",61185.71,61250,61246.2,"297862577",304716
"2024-04-17 19:49:59.021+00",60,"","buy",61185.71,61170,61170.79,"297862578",205030193
"2024-04-17 19:49:59.001+00",5730,"","sell",61185.71,61250,61246.2,"297862576",304715
"2024-04-17 19:49:59+00",10,"","buy",61185.71,61167,61170.79,"297862574",205030191
"2024-04-17 19:49:59+00",40,"","buy",61185.71,61167,61170.79,"297862575",205030192
"2024-04-17 19:49:58.996+00",4270,"","sell",61185.71,61250,61246.2,"297862573",304714
"2024-04-17 19:49:58.255+00",11700,"","buy",61186.16,61167,61171.16,"297862571",205030189
"2024-04-17 19:49:58.255+00",50,"","buy",61186.16,61167,61171.16,"297862572",205030190
"2024-04-17 19:49:58.189+00",600,"","buy",61186.16,61167,61171.16,"297862570",205030188
"2024-04-17 19:49:57.794+00",600,"","sell",61186.16,61247.5,61246.31,"297862569",304713
"2024-04-17 19:49:57.693+00",10,"","buy",61183.12,61152.5,61160.48,"297862568",85674
"2024-04-17 19:49:56.989+00",5000,"","buy",61183.12,61167,61168.27,"297862567",205030187
"2024-04-17 19:49:56.984+00",5000,"","sell",61183.12,61245,61243.27,"297862566",304712
"2024-04-17 19:49:56.982+00",130,"","buy",61183.12,61167,61168.27,"297862565",205030186
"2024-04-17 19:49:56.957+00",130,"","sell",61183.12,61245,61243.27,"297862564",304711
"2024-04-17 19:49:56.956+00",9870,"","buy",61183.12,61167,61168.27,"297862563",205030185
"2024-04-17 19:49:56.94+00",9870,"","sell",61183.12,61245,61243.27,"297862562",304710
"2024-04-17 19:49:42.138+00",600,"","sell",61180.61,63452.5,63460.24,"297862550",444679
"2024-04-17 19:49:35.544+00",120,"","sell",61188.15,65140,65151.07,"297862548",228767
"2024-04-17 19:49:33.254+00",130,"","buy",61187.59,61171,61171.09,"297862547",205030184
"2024-04-17 19:49:33.249+00",4870,"","buy",61187.59,61171,61171.09,"297862546",205030183
"2024-04-17 19:49:33.248+00",130,"","sell",61187.59,61250,61245.3,"297862545",304709
"2024-04-17 19:49:33.243+00",5130,"","buy",61187.59,61171,61171.09,"297862544",205030182
"2024-04-17 19:49:33.242+00",4870,"","sell",61187.59,61250,61245.3,"297862543",304708
"2024-04-17 19:49:33.237+00",5130,"","sell",61187.59,61250,61245.3,"297862542",304707
"2024-04-17 19:49:33.237+00",4870,"","buy",61187.59,61171,61171.09,"297862541",205030181
"2024-04-17 19:49:33.218+00",4870,"","sell",61187.59,61250,61245.3,"297862540",304706
"2024-04-17 19:49:31.476+00",600,"","sell",61188,63460,63465.99,"297862539",444678
"2024-04-17 19:49:29.734+00",2330,"","sell",61190.96,65140,65151.25,"297862538",228766
"2024-04-17 19:49:26.992+00",5130,"","buy",61182.4,61171,61165.77,"297862537",205030180
"2024-04-17 19:49:26.983+00",5130,"","sell",61182.4,61250,61238.59,"297862536",304705
"2024-04-17 19:49:26.983+00",4860,"","buy",61182.4,61171,61165.77,"297862535",205030179
"2024-04-17 19:49:26.956+00",4860,"","sell",61182.4,61250,61238.59,"297862534",304704
"2024-04-17 19:49:26.06+00",610,"","buy",61154.82,61167.5,61137.55,"297862532",205030178
"2024-04-17 19:49:25.817+00",560,"","buy",61154.82,61155.5,61137.55,"297862531",205030177
"2024-04-17 19:49:25.813+00",610,"","buy",61154.82,61155.5,61137.55,"297862530",205030176
"2024-04-17 19:49:25.739+00",90,"","buy",61154.82,61825,61810.37,"297862529",42145
"2024-04-17 19:49:25.674+00",900,"","buy",61154.82,61157.5,61137.55,"297862523",205030170
"2024-04-17 19:49:25.674+00",3980,"","buy",61154.82,61161.5,61137.55,"297862526",205030173
"2024-04-17 19:49:25.674+00",80,"","buy",61154.82,61159.5,61137.55,"297862525",205030172
"2024-04-17 19:49:25.674+00",1480,"","buy",61154.82,61165,61137.55,"297862527",205030174
"2024-04-17 19:49:25.674+00",140,"","buy",61154.82,61156,61137.55,"297862522",205030169
"2024-04-17 19:49:25.674+00",5720,"","buy",61154.82,61158.5,61137.55,"297862524",205030171
"2024-04-17 19:49:25.674+00",7700,"","buy",61154.82,61167,61137.55,"297862528",205030175
"2024-04-17 19:49:25.622+00",2150,"","buy",61154.82,61155.5,61137.55,"297862521",205030168
"2024-04-17 19:49:25.615+00",270,"","buy",61154.82,61155.5,61137.55,"297862520",205030167
"2024-04-17 19:49:25.581+00",3670,"","buy",61154.82,61227.5,61210.19,"297862519",304703
"2024-04-17 19:49:25.58+00",470,"","buy",61154.82,61227.5,61210.19,"297862518",304702
"2024-04-17 19:49:25.572+00",900,"","buy",61154.82,61227.5,61210.19,"297862517",304701
"2024-04-17 19:49:25.57+00",10,"","buy",61154.82,61135,61130.59,"297862516",85673
"2024-04-17 19:49:25.513+00",1200,"","buy",61154.82,61149,61137.55,"297862515",205030166
"2024-04-17 19:49:25.513+00",3860,"","buy",61154.82,61149,61137.55,"297862514",205030165
"2024-04-17 19:49:25.429+00",9560,"","buy",61145.34,61141,61128.07,"297862513",205030164
"2024-04-17 19:49:24.821+00",4720,"","buy",61145.34,61141,61128.07,"297862512",205030163
"2024-04-17 19:49:24.821+00",140,"","buy",61145.34,61141,61128.07,"297862511",205030162
"2024-04-17 19:49:24.801+00",100,"","buy",61145.34,63410,63420.71,"297862510",444677
"2024-04-17 19:49:24.801+00",100,"","buy",61145.34,63410,63420.71,"297862509",444676
"2024-04-17 19:49:24.761+00",140,"","buy",61145.34,61131,61128.07,"297862508",205030161
"2024-04-17 19:49:24.736+00",140,"","buy",61145.34,61128,61128.07,"297862507",205030160
"2024-04-17 19:49:24.735+00",5000,"","sell",61145.34,61207.5,61200.71,"297862506",304700
"2024-04-17 19:49:24.713+00",140,"","sell",61145.34,61207.5,61200.71,"297862505",304699
"2024-04-17 19:49:24.711+00",7460,"","buy",61145.34,61128,61128.07,"297862504",205030159
"2024-04-17 19:49:24.711+00",50,"","buy",61145.34,61128,61128.07,"297862502",205030157
"2024-04-17 19:49:24.711+00",2340,"","buy",61145.34,61128,61128.07,"297862503",205030158
"2024-04-17 19:49:24.711+00",10,"","buy",61145.34,61128,61128.07,"297862501",205030156
"2024-04-17 19:49:24.703+00",9860,"","sell",61145.34,61207.5,61200.71,"297862500",304698
"2024-04-17 19:49:20.883+00",10,"","buy",61143.32,61119,61126.24,"297862497",205030153
"2024-04-17 19:49:20.883+00",10,"","buy",61143.32,61119,61126.24,"297862499",205030155
"2024-04-17 19:49:20.883+00",25000,"","buy",61143.32,61119,61126.24,"297862498",205030154
"2024-04-17 19:49:12.381+00",340,"","buy",61147.49,61124.5,61132.36,"297862492",205030151
"2024-04-17 19:49:12.381+00",25000,"","buy",61147.49,61124.5,61132.36,"297862493",205030152
"2024-04-17 19:49:11.412+00",1200,"","sell",61156.64,61132.5,61141.57,"297862489",205030149
"2024-04-17 19:49:11.412+00",27640,"","sell",61156.64,61132,61141.57,"297862490",205030150
"2024-04-17 19:49:11.412+00",90,"","sell",61156.64,61133,61141.57,"297862488",205030148
"2024-04-17 19:49:11.32+00",15280,"","sell",61156.64,61137.5,61141.57,"297862487",205030147
"2024-04-17 19:49:11.317+00",8900,"","sell",61156.64,61137.5,61141.57,"297862486",205030146
"2024-04-17 19:49:11.317+00",1910,"","sell",61156.64,61137.5,61141.57,"297862485",205030145
"2024-04-17 19:49:11.313+00",9380,"","sell",61156.64,61205,61212.39,"297862484",304697
"2024-04-17 19:49:11.312+00",740,"","sell",61156.64,61205,61212.39,"297862483",304696
"2024-04-17 19:49:11.308+00",300,"","sell",61156.64,61205,61212.39,"297862482",304695
"2024-04-17 19:49:11.303+00",10180,"","sell",61156.64,61137.5,61141.57,"297862481",205030144
"2024-04-17 19:49:11.292+00",1390,"","sell",61156.64,61132.5,61133.85,"297862480",85672
"2024-04-17 19:49:11.291+00",600,"","sell",61156.64,61205,61212.39,"297862478",304693
"2024-04-17 19:49:11.291+00",4580,"","sell",61156.64,61205,61212.39,"297862479",304694
"2024-04-17 19:49:11.287+00",10,"","sell",61156.64,61139.5,61141.57,"297862476",205030142
"2024-04-17 19:49:11.287+00",2780,"","sell",61156.64,61139.5,61141.57,"297862477",205030143
"2024-04-17 19:48:47.736+00",90,"","buy",61161.68,61143.5,61146.83,"297862474",205030141
"2024-04-17 19:48:47.705+00",90,"","sell",61161.68,61222.5,61217.98,"297862473",304692
"2024-04-17 19:48:47.677+00",140,"","sell",61161.68,61155.5,61146.83,"297862472",205030140
"2024-04-17 19:48:45.858+00",10000,"","buy",61168.01,61156,61153.04,"297862471",205030139
"2024-04-17 19:48:45.858+00",10000,"","buy",61168.01,61156,61153.04,"297862470",205030138
"2024-04-17 19:48:44.122+00",50,"","buy",61170.18,61159,61155.1,"297862469",205030137
"2024-04-17 19:48:44.101+00",7510,"","buy",61170.18,61159,61155.1,"297862467",205030135
"2024-04-17 19:48:44.101+00",2440,"","buy",61170.18,61159,61155.1,"297862468",205030136
"2024-04-17 19:48:44.081+00",50,"","sell",61170.18,61235,61226.51,"297862466",304691
"2024-04-17 19:48:44.073+00",50,"","buy",61170.18,61152,61155.1,"297862465",205030134
"2024-04-17 19:48:44.066+00",10000,"","sell",61170.18,61232.5,61226.51,"297862464",304690
"2024-04-17 19:48:41.53+00",10,"","buy",61163.83,61135,61140.78,"297862463",85671
"2024-04-17 19:48:40.052+00",10,"","buy",61158.7,61142.5,61142.3,"297862462",205030133
"2024-04-17 19:48:39.907+00",1330,"","buy",61158.7,61140,61142.3,"297862461",205030132
"2024-04-17 19:48:39.906+00",7510,"","buy",61158.7,61140,61142.3,"297862460",205030131
"2024-04-17 19:48:35.422+00",5000,"","sell",61146.5,61141.5,61129.95,"297862459",205030130
"2024-04-17 19:48:35.182+00",10,"","buy",61146.5,61124.5,61129.95,"297862458",205030129
"2024-04-17 19:48:34.901+00",10,"","buy",61143.78,61120.5,61127.23,"297862457",205030128
"2024-04-17 19:48:33.831+00",7510,"","buy",61138.01,61131.5,61121.4,"297862455",205030126
"2024-04-17 19:48:33.831+00",2480,"","buy",61138.01,61131.5,61121.4,"297862456",205030127
"2024-04-17 19:48:33.8+00",10,"","buy",61138.01,61116.5,61121.4,"297862454",205030125
"2024-04-17 19:48:33.762+00",10000,"","sell",61138.01,61195,61193.97,"297862453",304689
"2024-04-17 19:48:33.115+00",2440,"","buy",61137.16,61131,61120.49,"297862452",205030124
"2024-04-17 19:48:33.115+00",7510,"","buy",61137.16,61130.5,61120.49,"297862451",205030123
"2024-04-17 19:48:33.072+00",40,"","buy",61137.16,61112.5,61120.49,"297862450",205030122
"2024-04-17 19:48:33.072+00",10,"","buy",61137.16,61112.5,61120.49,"297862449",205030121
"2024-04-17 19:48:33.04+00",10000,"","sell",61137.16,61192.5,61193.06,"297862448",304688
"2024-04-17 19:48:31.319+00",150,"","sell",61141.22,63427.5,63417.21,"297862447",444675
"2024-04-17 19:48:30.912+00",6140,"","sell",61147.96,61122.5,61124.75,"297862446",85670
"2024-04-17 19:48:30.821+00",4910,"","sell",61147.96,61125,61131.97,"297862445",205030120
"2024-04-17 19:48:30.816+00",6590,"","sell",61147.96,61125,61131.97,"297862444",205030119
"2024-04-17 19:48:30.811+00",150,"","sell",61147.96,61125.5,61131.97,"297862442",205030117
"2024-04-17 19:48:30.811+00",150,"","sell",61147.96,61125.5,61131.97,"297862443",205030118
"2024-04-17 19:48:30.811+00",7280,"","sell",61147.96,61125.5,61131.97,"297862441",205030116
"2024-04-17 19:48:30.809+00",7350,"","sell",61147.96,61125.5,61131.97,"297862440",205030115
"2024-04-17 19:48:30.806+00",1260,"","sell",61147.96,61125.5,61131.97,"297862439",205030114
"2024-04-17 19:48:30.806+00",42190,"","sell",61147.96,61125.5,61131.97,"297862438",205030113
"2024-04-17 19:48:30.802+00",19000,"","sell",61147.96,61125.5,61131.97,"297862437",205030112
"2024-04-17 19:48:30.8+00",1920,"","sell",61147.96,61125.5,61131.97,"297862435",205030110
"2024-04-17 19:48:30.8+00",19970,"","sell",61147.96,61125.5,61131.97,"297862436",205030111
"2024-04-17 19:48:30.797+00",18080,"","sell",61147.96,61125.5,61131.97,"297862434",205030109
"2024-04-17 19:48:28.009+00",26610,"","sell",61153.8,61139.5,61138.1,"297862433",205030108
"2024-04-17 19:48:27.066+00",29830,"","sell",61153.8,61144.5,61138.05,"297862431",205030107
"2024-04-17 19:48:26.34+00",420,"","sell",61161.14,61147,61145.41,"297862430",205030106
"2024-04-17 19:48:24.538+00",42500,"","sell",61165.85,61154,61150.05,"297862429",205030105
"2024-04-17 19:48:23.424+00",38400,"","sell",61166.88,61154,61150.97,"297862428",205030104
"2024-04-17 19:48:23.424+00",12090,"","sell",61166.88,61154,61150.97,"297862426",205030102
"2024-04-17 19:48:23.424+00",24180,"","sell",61166.88,61154,61150.97,"297862427",205030103
"2024-04-17 19:48:22.35+00",7380,"","buy",61161.27,61155.5,61144.91,"297862425",205030101
"2024-04-17 19:48:21.778+00",50,"","buy",61142.06,61147.5,61125.7,"297862424",205030100
"2024-04-17 19:48:21.518+00",10,"","buy",61142.06,61138,61125.11,"297862423",205030099
"2024-04-17 19:48:21.331+00",10,"","buy",61142.06,61137.5,61125.11,"297862422",205030098
"2024-04-17 19:48:21.285+00",580,"","buy",61142.06,61225,61198.04,"297862421",304687
"2024-04-17 19:48:21.246+00",210,"","buy",61142.06,61215,61198.04,"297862420",304686
"2024-04-17 19:48:21.239+00",480,"","buy",61142.06,61215,61198.04,"297862419",304685
"2024-04-17 19:48:21.238+00",10000,"","buy",61142.06,61148.5,61125.11,"297862418",205030097
"2024-04-17 19:48:21.238+00",10000,"","buy",61142.06,61148,61125.11,"297862417",205030096
"2024-04-17 19:48:21.237+00",660,"","buy",61142.06,61215,61198.04,"297862416",304684
"2024-04-17 19:48:21.237+00",11000,"","buy",61142.06,61215,61198.04,"297862415",304683
"2024-04-17 19:48:21.223+00",610,"","buy",61142.06,61215,61198.04,"297862414",304682
"2024-04-17 19:48:21.217+00",390,"","buy",61142.06,61215,61198.04,"297862413",304681
"2024-04-17 19:48:21.215+00",1080,"","buy",61142.06,61215,61198.04,"297862412",304680
"2024-04-17 19:48:21.214+00",570,"","buy",61142.06,61215,61198.04,"297862410",304679
"2024-04-17 19:48:21.214+00",420,"","buy",61142.06,62182.5,62160.74,"297862411",1159555
"2024-04-17 19:48:21.208+00",2420,"","buy",61142.06,62180,62160.74,"297862409",1159554
"2024-04-17 19:48:21.202+00",600,"","buy",61142.06,61210,61198.04,"297862408",304678
"2024-04-17 19:48:21.195+00",840,"","buy",61142.06,61210,61198.04,"297862407",304677
"2024-04-17 19:48:21.195+00",12580,"","buy",61142.06,62180,62160.74,"297862406",1159553
"2024-04-17 19:48:21.191+00",980,"","buy",61142.06,61205,61198.04,"297862405",304676
"2024-04-17 19:48:21.19+00",100,"","buy",61142.06,61205,61198.04,"297862404",304675
"2024-04-17 19:48:21.189+00",9520,"","buy",61142.06,61146,61125.11,"297862402",205030094
"2024-04-17 19:48:21.189+00",480,"","buy",61142.06,61146.5,61125.11,"297862403",205030095
"2024-04-17 19:48:21.183+00",44350,"","buy",61142.06,61146,61125.11,"297862401",205030093
"2024-04-17 19:48:21.182+00",10000,"","buy",61142.06,61145,61125.11,"297862400",205030092
"2024-04-17 19:48:21.174+00",2090,"","buy",61142.06,61144.5,61125.11,"297862398",205030090
"2024-04-17 19:48:21.174+00",12090,"","buy",61142.06,61144.5,61125.11,"297862399",205030091
"2024-04-17 19:48:21.172+00",10000,"","buy",61142.06,61144.5,61125.11,"297862397",205030089
"2024-04-17 19:48:21.171+00",1210,"","buy",61142.06,61141.5,61125.11,"297862396",205030088
"2024-04-17 19:48:21.167+00",10000,"","buy",61142.06,61139,61125.11,"297862395",205030087
"2024-04-17 19:48:21.167+00",7500,"","buy",61142.06,62172.5,62160.74,"297862393",1159551
"2024-04-17 19:48:21.167+00",600,"","buy",61142.06,62172.5,62160.74,"297862394",1159552
"2024-04-17 19:48:21.166+00",7500,"","buy",61142.06,62167.5,62160.74,"297862392",1159550
"2024-04-17 19:48:21.165+00",15000,"","buy",61142.06,61137.5,61125.11,"297862391",205030086
"2024-04-17 19:48:21.158+00",600,"","buy",61142.06,61128,61125.11,"297862389",205030084
"2024-04-17 19:48:21.158+00",1180,"","buy",61142.06,61130.5,61125.11,"297862390",205030085
"2024-04-17 19:48:21.157+00",10,"","buy",61142.06,61120.5,61125.11,"297862388",205030083
"2024-04-17 19:48:19.943+00",100,"","sell",61148.19,61133,61131.47,"297862387",205030082
"2024-04-17 19:48:19.549+00",1750,"","sell",61148.19,65097.5,65103.7,"297862386",228765
"2024-04-17 19:48:18.348+00",540,"","sell",61158.13,61147.5,61141.56,"297862385",205030081
"2024-04-17 19:48:16.923+00",2210,"","sell",61178.09,61160.5,61161.99,"297862384",205030080
"2024-04-17 19:48:16.908+00",12090,"","sell",61178.09,61160.5,61161.99,"297862382",205030078
"2024-04-17 19:48:16.908+00",21970,"","sell",61178.09,61160.5,61161.99,"297862383",205030079
"2024-04-17 19:48:16.852+00",81160,"","sell",61178.09,61163.5,61161.99,"297862378",205030074
"2024-04-17 19:48:16.852+00",220,"","sell",61178.09,61163.5,61161.99,"297862379",205030075
"2024-04-17 19:48:16.852+00",11270,"","sell",61178.09,61163.5,61161.99,"297862377",205030073
"2024-04-17 19:48:16.852+00",100,"","sell",61178.09,61163.5,61161.99,"297862380",205030076
"2024-04-17 19:48:16.852+00",220,"","sell",61178.09,61163.5,61161.99,"297862381",205030077
"2024-04-17 19:48:16.847+00",50,"","sell",61178.09,61163.5,61161.99,"297862374",205030070
"2024-04-17 19:48:16.847+00",820,"","sell",61178.09,61163.5,61161.99,"297862376",205030072
"2024-04-17 19:48:16.847+00",15000,"","sell",61178.09,61163.5,61161.99,"297862371",205030067
"2024-04-17 19:48:16.847+00",50,"","sell",61178.09,61163.5,61161.99,"297862373",205030069
"2024-04-17 19:48:16.847+00",100,"","sell",61178.09,61163.5,61161.99,"297862375",205030071
"2024-04-17 19:48:16.847+00",9990,"","sell",61178.09,61163.5,61161.99,"297862372",205030068
"2024-04-17 19:48:15.866+00",14380,"","buy",61167.14,61164,61150.98,"297862370",205030066
"2024-04-17 19:48:15.441+00",50,"","sell",61167.14,61170,61150.32,"297862365",205030061
"2024-04-17 19:48:15.441+00",15000,"","sell",61167.14,61165.5,61150.32,"297862369",205030065
"2024-04-17 19:48:15.441+00",9990,"","sell",61167.14,61170,61150.32,"297862364",205030060
"2024-04-17 19:48:15.441+00",12090,"","sell",61167.14,61170,61150.32,"297862368",205030064
"2024-04-17 19:48:15.441+00",50,"","sell",61167.14,61170,61150.32,"297862366",205030062
"2024-04-17 19:48:15.441+00",12090,"","sell",61167.14,61170,61150.32,"297862367",205030063
"2024-04-17 19:48:15.142+00",25000,"","buy",61167.14,61159.5,61150.32,"297862361",205030059
"2024-04-17 19:48:14.419+00",10,"","buy",61157.2,61149.5,61139.91,"297862360",205030058
"2024-04-17 19:48:13.577+00",1210,"","buy",61139.08,61142.5,61121.79,"297862359",205030057
"2024-04-17 19:48:13.567+00",10,"","buy",61139.08,61135,61121.79,"297862358",205030056
"2024-04-17 19:48:13.553+00",16980,"","buy",61139.08,61141.5,61121.79,"297862357",205030055
"2024-04-17 19:48:13.546+00",1790,"","buy",61139.08,61141.5,61121.79,"297862356",205030054
"2024-04-17 19:48:13.545+00",2380,"","buy",61139.08,61141.5,61121.79,"297862355",205030053
"2024-04-17 19:48:13.518+00",3820,"","buy",61139.08,61141.5,61121.79,"297862354",205030052
"2024-04-17 19:48:13.488+00",10,"","buy",61139.08,61139,61121.79,"297862353",205030051
"2024-04-17 19:48:13.488+00",1370,"","buy",61139.08,61139,61121.79,"297862352",205030050
"2024-04-17 19:48:13.487+00",7500,"","buy",61139.08,62167.5,62156.06,"297862351",1159549
"2024-04-17 19:48:13.485+00",1220,"","buy",61139.08,61135,61121.79,"297862350",205030049
"2024-04-17 19:48:13.484+00",70,"","buy",61139.08,61126.5,61121.79,"297862348",205030047
"2024-04-17 19:48:13.484+00",10,"","buy",61139.08,61126.5,61121.79,"297862349",205030048
"2024-04-17 19:48:09.79+00",10,"","buy",61149.74,61114,61131.38,"297862347",205030046
"2024-04-17 19:48:09.79+00",6550,"","buy",61149.74,61114,61131.38,"297862346",205030045
"2024-04-17 19:48:09.783+00",18440,"","buy",61149.74,61114,61131.38,"297862345",205030044
"2024-04-17 19:48:09.494+00",16430,"","sell",61149.74,61131.5,61131.38,"297862344",205030043
"2024-04-17 19:48:09.492+00",26070,"","sell",61149.74,61131.5,61131.38,"297862343",205030042
"2024-04-17 19:48:09.365+00",600,"","buy",61149.74,61207.5,61204.35,"297862342",304674
"2024-04-17 19:48:09.365+00",5500,"","buy",61149.74,61205,61204.35,"297862341",304673
"2024-04-17 19:48:08.903+00",100,"","sell",61149.72,61138.5,61131.35,"297862339",205030040
"2024-04-17 19:48:08.903+00",100,"","sell",61149.72,61138.5,61131.35,"297862337",205030038
"2024-04-17 19:48:08.903+00",4660,"","sell",61149.72,61138.5,61131.35,"297862336",205030037
"2024-04-17 19:48:08.903+00",100,"","sell",61149.72,61138.5,61131.35,"297862340",205030041
"2024-04-17 19:48:08.903+00",100,"","sell",61149.72,61138.5,61131.35,"297862338",205030039
"2024-04-17 19:48:07.939+00",30,"","buy",61149.72,61141.5,61131.06,"297862335",205030036
"2024-04-17 19:48:07.415+00",10,"","buy",61135.49,61130,61116.2,"297862334",205030035
"2024-04-17 19:48:06.992+00",180,"","buy",61135.49,61130,61116.2,"297862332",205030034
"2024-04-17 19:48:06.805+00",5090,"","buy",61115.13,61131.5,61095.84,"297862331",205030033
"2024-04-17 19:48:06.805+00",10,"","buy",61115.13,61125.5,61095.84,"297862329",205030031
"2024-04-17 19:48:06.805+00",4900,"","buy",61115.13,61131,61095.84,"297862330",205030032
"2024-04-17 19:48:06.439+00",10,"","buy",61115.13,61108.5,61095.62,"297862326",205030030
"2024-04-17 19:48:06.324+00",90,"","buy",61115.13,61180,61168.52,"297862325",304672
"2024-04-17 19:48:06.265+00",25000,"","buy",61115.13,61103,61095.62,"297862323",205030028
"2024-04-17 19:48:06.265+00",10,"","buy",61115.13,61112.5,61095.62,"297862324",205030029
"2024-04-17 19:48:06.262+00",25000,"","buy",61115.13,61102.5,61095.62,"297862321",205030026
"2024-04-17 19:48:06.262+00",10,"","buy",61115.13,61102.5,61095.62,"297862322",205030027
"2024-04-17 19:48:06.253+00",90,"","buy",61115.13,65070,65063.88,"297862320",228764
"2024-04-17 19:48:06.008+00",6940,"","buy",61115.13,61095.5,61095.62,"297862319",205030025
"2024-04-17 19:48:06.001+00",1680,"","buy",61115.13,61095.5,61095.62,"297862318",205030024
"2024-04-17 19:48:06.001+00",10,"","buy",61115.13,61095.5,61095.62,"297862317",205030023
"2024-04-17 19:48:05.963+00",10000,"","sell",61116.36,61177.5,61169.75,"297862316",304671
"2024-04-17 19:48:04.809+00",3800,"","buy",61114.03,61100.5,61094.58,"297862315",205030022
"2024-04-17 19:48:04.788+00",20,"","buy",61114.03,61100,61094.58,"297862313",205030020
"2024-04-17 19:48:04.788+00",1180,"","buy",61114.03,61100,61094.58,"297862314",205030021
"2024-04-17 19:48:04.783+00",5000,"","sell",61114.03,61170,61167.56,"297862312",304670
"2024-04-17 19:48:04.782+00",5000,"","buy",61114.03,61092,61094.58,"297862311",205030019
"2024-04-17 19:48:04.777+00",4990,"","buy",61114.03,61092,61094.58,"297862310",205030018
"2024-04-17 19:48:04.777+00",10,"","buy",61114.03,61092,61094.58,"297862309",205030017
"2024-04-17 19:48:04.776+00",5000,"","sell",61114.03,61170,61167.56,"297862308",304669
"2024-04-17 19:48:04.753+00",5000,"","sell",61114.03,61170,61167.56,"297862307",304668
"2024-04-17 19:48:02.515+00",10,"","buy",61098.7,61067.5,61071.9,"297862306",85669
"2024-04-17 19:48:02.472+00",5000,"","buy",61098.7,61088.5,61078.92,"297862305",205030016
"2024-04-17 19:48:02.459+00",10,"","buy",61098.7,61088.5,61078.92,"297862303",205030014
"2024-04-17 19:48:02.459+00",3820,"","buy",61098.7,61088.5,61078.92,"297862304",205030015
"2024-04-17 19:48:02.459+00",1170,"","buy",61098.7,61088.5,61078.92,"297862302",205030013
"2024-04-17 19:48:02.432+00",5000,"","sell",61098.7,61152.5,61151.92,"297862301",304667
"2024-04-17 19:48:02.41+00",80,"","buy",61098.7,61074.5,61078.92,"297862300",205030012
"2024-04-17 19:48:02.398+00",5000,"","sell",61098.7,61152.5,61151.92,"297862297",304666
"2024-04-17 19:48:02.398+00",2260,"","buy",61098.7,61074.5,61078.92,"297862299",205030011
"2024-04-17 19:48:02.398+00",5250,"","buy",61098.7,61074.5,61078.92,"297862298",205030010
"2024-04-17 19:48:02.386+00",4980,"","buy",61098.7,61074.5,61078.92,"297862296",205030009
"2024-04-17 19:48:02.38+00",1300,"","buy",61098.7,61074.5,61078.92,"297862295",205030008
"2024-04-17 19:48:02.375+00",10,"","buy",61098.7,61074.5,61078.92,"297862293",205030006
"2024-04-17 19:48:02.375+00",13470,"","buy",61098.7,61074.5,61078.92,"297862294",205030007
"2024-04-17 19:47:50.106+00",10,"","sell",61102.39,61083.5,61083.82,"297862290",205030005
"2024-04-17 19:47:50.102+00",5820,"","sell",61102.39,61083.5,61083.82,"297862289",205030004
"2024-04-17 19:47:48.544+00",270,"","sell",61111.24,61092.5,61092.81,"297862288",205030003
"2024-04-17 19:47:48.499+00",3440,"","sell",61111.24,61097.5,61092.81,"297862287",205030002
"2024-04-17 19:47:45.569+00",2480,"","buy",61103.19,61098,61084.31,"297862284",205030001
"2024-04-17 19:47:45.569+00",7510,"","buy",61103.19,61098,61084.31,"297862283",205030000
"2024-04-17 19:47:45.538+00",10,"","buy",61103.19,61085,61084.31,"297862282",205029999
"2024-04-17 19:47:45.536+00",5000,"","sell",61103.19,61165,61157.09,"297862281",304665
"2024-04-17 19:47:45.531+00",5000,"","sell",61103.19,61165,61157.09,"297862280",304664
"2024-04-17 19:47:44.995+00",4980,"","buy",61103.19,61085,61084.16,"297862279",205029998
"2024-04-17 19:47:44.972+00",10,"","buy",61103.19,61084.5,61084.16,"297862278",205029997
"2024-04-17 19:47:44.738+00",4990,"","sell",61099.73,61162.5,61153.63,"297862276",304663
"2024-04-17 19:47:44.738+00",10,"","buy",61099.73,61084.5,61080.7,"297862277",205029996
"2024-04-17 19:47:44.711+00",10,"","sell",61099.73,61162.5,61153.63,"297862275",304662
"2024-04-17 19:47:44.706+00",30,"","buy",61099.73,61084,61080.7,"297862273",205029994
"2024-04-17 19:47:44.706+00",9960,"","buy",61099.73,61084,61080.7,"297862274",205029995
"2024-04-17 19:47:44.706+00",10,"","buy",61099.73,61084,61080.7,"297862272",205029993
"2024-04-17 19:47:44.693+00",10000,"","sell",61099.73,61162.5,61153.63,"297862271",304661
"2024-04-17 19:47:43.229+00",290,"","buy",61099.23,61089,61080.04,"297862270",205029992
"2024-04-17 19:47:43.229+00",10,"","buy",61099.23,61084,61080.04,"297862268",205029990
"2024-04-17 19:47:43.229+00",330,"","buy",61099.23,61088,61080.04,"297862269",205029991
"2024-04-17 19:47:42.685+00",10000,"","buy",61096.03,61088,61076.48,"297862267",205029989
"2024-04-17 19:47:42.66+00",4390,"","sell",61096.03,61152.5,61149.54,"297862266",304660
"2024-04-17 19:47:42.655+00",4380,"","buy",61096.03,61074.5,61076.48,"297862264",205029988
"2024-04-17 19:47:42.655+00",5610,"","sell",61096.03,61152.5,61149.54,"297862265",304659
"2024-04-17 19:47:42.655+00",10,"","buy",61096.03,61074.5,61076.48,"297862263",205029987
"2024-04-17 19:47:42.63+00",4390,"","sell",61096.03,61152.5,61149.54,"297862262",304658
"2024-04-17 19:47:38.414+00",10,"","buy",61094.09,61074.5,61074.56,"297862260",205029985
"2024-04-17 19:47:38.414+00",19990,"","buy",61094.09,61074.5,61074.56,"297862261",205029986
"2024-04-17 19:47:37.235+00",10,"","buy",61092.37,61074.5,61072.85,"297862258",205029983
"2024-04-17 19:47:37.235+00",14380,"","buy",61092.37,61074.5,61072.85,"297862259",205029984
"2024-04-17 19:47:35.348+00",10,"","buy",61087.85,61071.5,61068.23,"297862248",205029973
"2024-04-17 19:47:35.348+00",50,"","buy",61087.85,61071.5,61068.23,"297862249",205029974
"2024-04-17 19:47:35.348+00",2920,"","buy",61087.85,61087.5,61068.23,"297862256",205029981
"2024-04-17 19:47:35.348+00",4920,"","buy",61087.85,61086,61068.23,"297862254",205029979
"2024-04-17 19:47:35.348+00",9990,"","buy",61087.85,61085,61068.23,"297862253",205029978
"2024-04-17 19:47:35.348+00",50,"","buy",61087.85,61086.5,61068.23,"297862255",205029980
"2024-04-17 19:47:35.348+00",50,"","buy",61087.85,61085,61068.23,"297862252",205029977
"2024-04-17 19:47:35.348+00",1210,"","buy",61087.85,61081,61068.23,"297862250",205029975
"2024-04-17 19:47:35.348+00",50,"","buy",61087.85,61085,61068.23,"297862251",205029976
"2024-04-17 19:47:35.348+00",2170,"","buy",61087.85,61088,61068.23,"297862257",205029982
"2024-04-17 19:47:33.473+00",10,"","buy",61078.75,61063.5,61058.62,"297862247",205029972
"2024-04-17 19:47:33.429+00",18930,"","buy",61078.75,61057,61058.62,"297862246",205029971
"2024-04-17 19:47:33.425+00",6070,"","buy",61078.75,61057,61058.62,"297862245",205029970
"2024-04-17 19:47:33.419+00",11910,"","buy",61078.75,61056.5,61058.62,"297862244",205029969
"2024-04-17 19:47:33.417+00",9300,"","buy",61078.75,61056.5,61058.62,"297862243",205029968
"2024-04-17 19:47:33.416+00",10,"","buy",61078.75,61056.5,61058.62,"297862241",205029966
"2024-04-17 19:47:33.416+00",3790,"","buy",61078.75,61056.5,61058.62,"297862242",205029967
"2024-04-17 19:47:29.815+00",1680,"","sell",61083.59,61065,61064.41,"297862240",205029965
"2024-04-17 19:47:29.815+00",6120,"","sell",61083.59,61065,61064.41,"297862239",205029964
"2024-04-17 19:47:27.275+00",13760,"","buy",61089.26,61070,61070.22,"297862238",205029963
"2024-04-17 19:47:27.275+00",10,"","buy",61089.26,61070,61070.22,"297862237",205029962
"2024-04-17 19:47:27.275+00",19300,"","buy",61089.26,61070,61070.22,"297862236",205029961
"2024-04-17 19:47:27.275+00",6930,"","buy",61089.26,61070,61070.22,"297862235",205029960
"2024-04-17 19:47:26.186+00",50,"","buy",61089.14,61057.5,61070.55,"297862233",205029958
"2024-04-17 19:47:26.186+00",10,"","buy",61089.14,61057.5,61070.55,"297862234",205029959
"2024-04-17 19:47:26.186+00",23890,"","buy",61089.14,61057.5,61070.55,"297862232",205029957
"2024-04-17 19:47:26.181+00",1110,"","buy",61089.14,61057.5,61070.55,"297862231",205029956
"2024-04-17 19:47:26.181+00",110,"","buy",61089.14,61057.5,61070.55,"297862230",205029955
"2024-04-17 19:47:26.166+00",330,"","buy",61089.14,61057.5,61070.55,"297862229",205029954
"2024-04-17 19:47:26.166+00",7800,"","buy",61089.14,61057.5,61070.55,"297862227",205029952
"2024-04-17 19:47:26.166+00",10,"","buy",61089.14,61057.5,61070.55,"297862228",205029953
"2024-04-17 19:47:26.163+00",29520,"","buy",61089.14,61057.5,61070.55,"297862226",205029951
"2024-04-17 19:47:26.153+00",320,"","buy",61089.14,61057.5,61070.55,"297862225",205029950
"2024-04-17 19:47:26.139+00",810,"","buy",61089.14,61057.5,61070.55,"297862224",205029949
"2024-04-17 19:47:26.138+00",5610,"","buy",61089.14,61057.5,61070.55,"297862223",205029948
"2024-04-17 19:47:26.13+00",5610,"","sell",61089.14,61137.5,61142.99,"297862222",304657
"2024-04-17 19:47:26.13+00",4390,"","buy",61089.14,61057.5,61070.55,"297862221",205029947
"2024-04-17 19:47:26.125+00",4390,"","sell",61089.14,61137.5,61142.99,"297862220",304656
"2024-04-17 19:47:26.038+00",5610,"","buy",61089.14,61057.5,61070.55,"297862219",205029946
"2024-04-17 19:47:26.007+00",5610,"","sell",61089.14,61142.5,61142.99,"297862218",304655
"2024-04-17 19:47:26.006+00",4390,"","buy",61089.14,61057.5,61070.55,"297862217",205029945
"2024-04-17 19:47:25.994+00",4390,"","sell",61089.14,61142.5,61142.99,"297862216",304654
"2024-04-17 19:47:25.915+00",5000,"","buy",61089.14,61057.5,61070.55,"297862215",205029944
"2024-04-17 19:47:25.903+00",610,"","buy",61089.14,61057.5,61070.55,"297862214",205029943
"2024-04-17 19:47:25.892+00",5000,"","sell",61089.14,61142.5,61142.99,"297862213",304653
"2024-04-17 19:47:25.879+00",610,"","sell",61089.14,61142.5,61142.99,"297862212",304652
"2024-04-17 19:47:25.876+00",9390,"","buy",61089.14,61057.5,61070.55,"297862211",205029942
"2024-04-17 19:47:25.867+00",9390,"","sell",61089.14,61142.5,61142.99,"297862210",304651
"2024-04-17 19:47:25.598+00",3580,"","buy",61080.9,61057.5,61062.31,"297862209",205029941
"2024-04-17 19:47:25.566+00",1210,"","buy",61080.9,61057.5,61062.31,"297862208",205029940
"2024-04-17 19:47:25.507+00",1220,"","buy",61080.9,61057.5,61062.31,"297862207",205029939
"2024-04-17 19:47:25.489+00",3510,"","buy",61080.9,61057.5,61062.31,"297862205",205029938
"2024-04-17 19:47:25.277+00",600,"","buy",61080.9,61057.5,61062.31,"297862204",205029937
"2024-04-17 19:47:25.271+00",600,"","sell",61080.9,61137.5,61134.75,"297862203",304650
"2024-04-17 19:47:24.857+00",10,"","buy",61080.9,61057.5,61062.48,"297862202",205029936
"2024-04-17 19:47:24.846+00",10,"","sell",61080.9,61137.5,61134.81,"297862201",304649
"2024-04-17 19:47:24.846+00",4990,"","buy",61080.9,61057.5,61062.48,"297862200",205029935
"2024-04-17 19:47:24.84+00",4990,"","sell",61080.9,61137.5,61134.81,"297862199",304648
"2024-04-17 19:47:24.831+00",5010,"","buy",61080.9,61057.5,61062.48,"297862198",205029934
"2024-04-17 19:47:24.827+00",550,"","buy",61080.9,61057.5,61062.48,"297862197",205029933
"2024-04-17 19:47:24.811+00",5010,"","sell",61080.9,61137.5,61134.81,"297862196",304647
"2024-04-17 19:47:24.81+00",4990,"","buy",61080.9,61057.5,61062.48,"297862195",205029932
"2024-04-17 19:47:24.793+00",4990,"","sell",61080.9,61137.5,61134.81,"297862194",304646
"2024-04-17 19:47:24.772+00",2510,"","buy",61080.9,61057.5,61062.48,"297862193",205029931
"2024-04-17 19:47:24.767+00",2390,"","buy",61080.9,61057.5,61062.48,"297862192",205029930
"2024-04-17 19:47:24.76+00",560,"","buy",61080.9,61057.5,61062.48,"297862191",205029929
"2024-04-17 19:47:24.489+00",90,"","buy",61073.89,61057.5,61055.47,"297862190",205029928
"2024-04-17 19:47:23.215+00",10,"","buy",61068.2,61056.5,61049.21,"297862189",205029927
"2024-04-17 19:47:23.192+00",10,"","buy",61068.2,61056.5,61049.21,"297862188",205029926
"2024-04-17 19:47:22.361+00",10470,"","buy",61060.14,61041,61041.15,"297862186",205029924
"2024-04-17 19:47:22.361+00",10,"","buy",61060.14,61041,61041.15,"297862187",205029925
"2024-04-17 19:47:22.352+00",7020,"","buy",61060.14,61041,61041.15,"297862185",205029923
"2024-04-17 19:47:22.347+00",7510,"","buy",61060.14,61041,61041.15,"297862184",205029922
"2024-04-17 19:47:22.32+00",10,"","buy",61060.14,61041,61041.15,"297862183",205029921
"2024-04-17 19:47:21.334+00",10,"","buy",61057.97,61020,61032.62,"297862182",85668
"2024-04-17 19:47:20.095+00",10,"","buy",61051.86,61039.5,61032.54,"297862180",205029919
"2024-04-17 19:47:20.095+00",5000,"","buy",61051.86,61043.5,61032.54,"297862181",205029920
"2024-04-17 19:47:20.013+00",5010,"","sell",61051.86,61110,61104.87,"297862179",304645
"2024-04-17 19:47:20.012+00",10,"","buy",61051.86,61030,61032.64,"297862177",205029917
"2024-04-17 19:47:20.012+00",4980,"","buy",61051.86,61030,61032.64,"297862178",205029918
"2024-04-17 19:47:19.992+00",4990,"","sell",61051.86,61110,61104.87,"297862176",304644
"2024-04-17 19:47:18.849+00",5010,"","buy",61049.03,61038.5,61029.66,"297862175",205029916
"2024-04-17 19:47:18.819+00",10,"","buy",61049.03,61026,61029.66,"297862172",205029913
"2024-04-17 19:47:18.819+00",2500,"","buy",61049.03,61039.5,61029.66,"297862173",205029914
"2024-04-17 19:47:18.819+00",2470,"","buy",61049.03,61039.5,61029.66,"297862174",205029915
"2024-04-17 19:47:18.763+00",5010,"","sell",61049.03,61102.5,61102.07,"297862171",304643
"2024-04-17 19:47:18.762+00",10,"","buy",61049.03,61022.5,61029.66,"297862170",205029912
"2024-04-17 19:47:18.751+00",4990,"","sell",61049.03,61102.5,61102.07,"297862169",304642
"2024-04-17 19:47:17.747+00",10,"","buy",61046.58,61019,61027.09,"297862168",205029911
"2024-04-17 19:47:17.744+00",1170,"","buy",61046.58,61019,61027.09,"297862167",205029910
"2024-04-17 19:47:17.737+00",1280,"","buy",61046.58,61019,61027.09,"297862166",205029909
"2024-04-17 19:47:17.728+00",1310,"","buy",61046.58,61019,61027.09,"297862165",205029908
"2024-04-17 19:47:17.728+00",150,"","buy",61046.58,61019,61027.09,"297862164",205029907
"2024-04-17 19:47:17.666+00",350,"","buy",61046.58,61019,61027.09,"297862163",205029906
"2024-04-17 19:47:17.666+00",10,"","buy",61046.58,61019,61027.09,"297862162",205029905
"2024-04-17 19:47:15.085+00",4990,"","buy",61042.54,61019,61023.14,"297862161",205029904
"2024-04-17 19:47:15.085+00",10,"","buy",61042.54,61019,61023.14,"297862160",205029903
"2024-04-17 19:47:15.055+00",10,"","buy",61042.54,61027.5,61023.51,"297862159",205029902
"2024-04-17 19:47:15.031+00",5000,"","sell",61042.54,61092.5,61095.63,"297862158",304641
"2024-04-17 19:47:15.012+00",10,"","sell",61042.54,61092.5,61095.63,"297862157",304640
"2024-04-17 19:47:15.009+00",9980,"","buy",61042.54,61012.5,61023.51,"297862156",205029901
"2024-04-17 19:47:15.009+00",10,"","buy",61042.54,61012.5,61023.51,"297862155",205029900
"2024-04-17 19:47:14.994+00",9990,"","sell",61042.54,61092.5,61095.63,"297862154",304639
"2024-04-17 19:47:11.495+00",56000,"","sell",61037.9,61012,61019.37,"297862149",205029895
"2024-04-17 19:47:11.495+00",100,"","sell",61037.9,61012,61019.37,"297862151",205029897
"2024-04-17 19:47:11.495+00",12090,"","sell",61037.9,61012,61019.37,"297862152",205029898
"2024-04-17 19:47:11.495+00",1190,"","sell",61037.9,61012,61019.37,"297862150",205029896
"2024-04-17 19:47:11.495+00",24540,"","sell",61037.9,61012,61019.37,"297862153",205029899
"2024-04-17 19:47:03.521+00",8540,"","sell",61053.07,61026.5,61037.27,"297862141",205029888
"2024-04-17 19:47:03.521+00",20000,"","sell",61053.07,61022,61037.27,"297862142",205029889
"2024-04-17 19:47:03.521+00",81160,"","sell",61053.07,61021.5,61037.27,"297862146",205029893
"2024-04-17 19:47:03.521+00",12090,"","sell",61053.07,61022,61037.27,"297862144",205029891
"2024-04-17 19:47:03.521+00",12090,"","sell",61053.07,61022,61037.27,"297862145",205029892
"2024-04-17 19:47:03.521+00",42500,"","sell",61053.07,61021,61037.27,"297862147",205029894
"2024-04-17 19:47:03.521+00",24180,"","sell",61053.07,61022,61037.27,"297862143",205029890
"2024-04-17 19:47:03.203+00",100,"","sell",61059.59,61036.5,61043.79,"297862139",205029886
"2024-04-17 19:47:03.203+00",12830,"","sell",61059.59,61036.5,61043.79,"297862140",205029887
"2024-04-17 19:47:02.83+00",1230,"","sell",61059.59,65000,65015.2,"297862138",228763
"2024-04-17 19:47:00.59+00",7510,"","buy",61055.69,61054,61039.49,"297862135",205029884
"2024-04-17 19:47:00.59+00",10,"","buy",61055.69,61045,61039.49,"297862134",205029883
"2024-04-17 19:47:00.59+00",140,"","buy",61055.69,61054,61039.49,"297862136",205029885
"2024-04-17 19:47:00.565+00",10,"","buy",61055.69,61022.5,61033.77,"297862132",85667
"2024-04-17 19:47:00.523+00",10,"","buy",61051.69,61036.5,61035.49,"297862130",205029881
"2024-04-17 19:47:00.523+00",2330,"","buy",61051.69,61036.5,61035.49,"297862131",205029882
"2024-04-17 19:47:00.512+00",10,"","sell",61051.69,61117.5,61106.55,"297862129",304638
"2024-04-17 19:47:00.476+00",9990,"","sell",61051.69,61117.5,61106.55,"297862128",304637
"2024-04-17 19:46:59.998+00",10,"","buy",61051.69,61035,61035.3,"297862127",205029880
"2024-04-17 19:46:59.957+00",10,"","sell",61051.69,61110,61106.52,"297862126",304636
"2024-04-17 19:46:59.942+00",50,"","buy",61051.69,61030.5,61035.3,"297862124",205029878
"2024-04-17 19:46:59.942+00",9940,"","buy",61051.69,61030.5,61035.3,"297862125",205029879
"2024-04-17 19:46:59.942+00",10,"","buy",61051.69,61030.5,61035.3,"297862123",205029877
"2024-04-17 19:46:59.923+00",10000,"","sell",61051.69,61110,61106.52,"297862122",304635
"2024-04-17 19:46:57.453+00",9990,"","buy",61051.08,61038.5,61034.91,"297862121",205029876
"2024-04-17 19:46:57.407+00",10,"","buy",61047.4,61026.5,61031.23,"297862120",205029875
"2024-04-17 19:46:57.04+00",10000,"","sell",61047.4,61105,61102.21,"297862119",304634
"2024-04-17 19:46:56.651+00",10,"","buy",61047.4,61023.5,61031.05,"297862117",205029873
"2024-04-17 19:46:56.651+00",70,"","buy",61047.4,61023.5,61031.05,"297862118",205029874
"2024-04-17 19:46:55.583+00",12090,"","sell",61041.31,61017,61024.71,"297862114",205029870
"2024-04-17 19:46:55.583+00",29500,"","sell",61041.31,61022.5,61024.71,"297862110",205029866
"2024-04-17 19:46:55.583+00",19300,"","sell",61041.31,61022.5,61024.71,"297862111",205029867
"2024-04-17 19:46:55.583+00",12090,"","sell",61041.31,61017,61024.71,"297862115",205029871
"2024-04-17 19:46:55.583+00",6000,"","sell",61041.31,61019.5,61024.71,"297862112",205029868
"2024-04-17 19:46:55.583+00",33520,"","sell",61041.31,61017,61024.71,"297862116",205029872
"2024-04-17 19:46:55.583+00",12090,"","sell",61041.31,61017,61024.71,"297862113",205029869
"2024-04-17 19:46:55.43+00",6050,"","buy",61041.31,61033.5,61024.71,"297862106",205029865
"2024-04-17 19:46:55.392+00",3950,"","buy",61042.15,61013.5,61025.55,"297862105",205029864
"2024-04-17 19:46:55.391+00",3800,"","sell",61042.15,61092.5,61096.48,"297862104",304633
"2024-04-17 19:46:55.386+00",6200,"","sell",61042.15,61092.5,61096.48,"297862103",304632
"2024-04-17 19:46:55.386+00",3800,"","buy",61042.15,61013.5,61025.55,"297862102",205029863
"2024-04-17 19:46:55.34+00",3800,"","sell",61042.15,61092.5,61096.48,"297862101",304631
"2024-04-17 19:46:53.346+00",5600,"","buy",61036.85,61013.5,61021.02,"297862100",205029862
"2024-04-17 19:46:53.341+00",600,"","buy",61036.85,61013.5,61021.02,"297862099",205029861
"2024-04-17 19:46:53.339+00",5000,"","sell",61036.85,61095,61091.91,"297862097",304629
"2024-04-17 19:46:53.339+00",600,"","sell",61036.85,61092.5,61091.91,"297862098",304630
"2024-04-17 19:46:53.322+00",600,"","sell",61036.85,61095,61091.91,"297862096",304628
"2024-04-17 19:46:53.321+00",9400,"","buy",61036.85,61013.5,61021.02,"297862095",205029860
"2024-04-17 19:46:53.299+00",9400,"","sell",61036.85,61095,61091.91,"297862094",304627
"2024-04-17 19:46:46.087+00",550,"","buy",61026.53,61013.5,61013.28,"297862092",205029859
"2024-04-17 19:46:46.019+00",50,"","buy",61026.53,61001.5,61013.48,"297862091",205029858
"2024-04-17 19:46:45.997+00",600,"","sell",61026.53,61082.5,61083.01,"297862090",304626
"2024-04-17 19:46:45.848+00",7510,"","buy",61026.53,61001.5,61013.48,"297862089",205029857
"2024-04-17 19:46:45.838+00",4990,"","buy",61026.53,61001.5,61013.48,"297862088",205029856
"2024-04-17 19:46:43.586+00",110,"","sell",61024.17,61001,61011.89,"297862086",205029855
"2024-04-17 19:46:40.958+00",1020,"","sell",61037.87,64962.5,64994.07,"297862085",228762
"2024-04-17 19:46:39.525+00",1470,"","sell",61049.36,61022.5,61031.43,"297862084",85666
"2024-04-17 19:46:38.868+00",10000,"","sell",61049.36,61031,61039.42,"297862081",205029852
"2024-04-17 19:46:38.868+00",10000,"","sell",61049.36,61033,61039.42,"297862080",205029851
"2024-04-17 19:46:38.868+00",10000,"","sell",61049.36,61030.5,61039.42,"297862082",205029853
"2024-04-17 19:46:38.868+00",10000,"","sell",61049.36,61030,61039.42,"297862083",205029854
"2024-04-17 19:46:38.808+00",10000,"","sell",61049.36,61034,61039.42,"297862079",205029850
"2024-04-17 19:46:38.69+00",4530,"","sell",61049.36,61034.5,61039.42,"297862078",205029849
"2024-04-17 19:46:38.617+00",10000,"","sell",61049.36,61035.5,61039.42,"297862077",205029848
"2024-04-17 19:46:38.43+00",10,"","sell",61043.08,61037,61033.14,"297862076",205029847
"2024-04-17 19:46:38.133+00",9990,"","sell",61043.08,61037,61033.14,"297862075",205029846
"2024-04-17 19:46:38.031+00",30,"","buy",61043.08,61037.5,61033.14,"297862074",205029845
"2024-04-17 19:46:37.932+00",790,"","buy",61058.61,61037.5,61048.67,"297862073",205029844
"2024-04-17 19:46:37.783+00",1690,"","buy",61058.61,61047,61048.67,"297862072",205029843
"2024-04-17 19:46:37.613+00",280,"","sell",61058.61,61048,61048.67,"297862071",205029842
"2024-04-17 19:46:37.294+00",100,"","sell",61043.08,61050,61032.75,"297862070",205029841
"2024-04-17 19:46:37.06+00",100,"","sell",61069.86,61052,61059.53,"297862067",205029838
"2024-04-17 19:46:37.06+00",110,"","sell",61069.86,61052,61059.53,"297862069",205029840
"2024-04-17 19:46:37.06+00",280,"","sell",61069.86,61052,61059.53,"297862066",205029837
"2024-04-17 19:46:37.06+00",100,"","sell",61069.86,61052,61059.53,"297862065",205029836
"2024-04-17 19:46:37.06+00",280,"","sell",61069.86,61052,61059.53,"297862064",205029835
"2024-04-17 19:46:37.06+00",280,"","sell",61069.86,61052,61059.53,"297862068",205029839
"2024-04-17 19:46:36.452+00",3660,"","sell",61043.08,61056,61031.84,"297862063",205029834
"2024-04-17 19:46:36.007+00",11250,"","buy",61070.2,61052.5,61058.96,"297862061",205029832
"2024-04-17 19:46:36.007+00",8750,"","buy",61070.2,61056.5,61058.96,"297862062",205029833
"2024-04-17 19:46:36.006+00",10000,"","buy",61070.2,61052.5,61058.96,"297862060",205029831
"2024-04-17 19:46:35.679+00",10000,"","sell",61043.08,61132.5,61103.42,"297862059",304625
"2024-04-17 19:46:35.648+00",3750,"","buy",61038.2,61052.5,61026.33,"297862058",205029830
"2024-04-17 19:46:35.648+00",200,"","buy",61038.2,61052.5,61026.33,"297862057",205029829
"2024-04-17 19:46:34.636+00",3020,"","buy",61038.2,61047,61026.33,"297862056",205029828
"2024-04-17 19:46:34.634+00",160,"","buy",61038.2,62080,62055.64,"297862055",1159548
"2024-04-17 19:46:34.633+00",7460,"","buy",61038.2,61040.5,61026.33,"297862054",205029827
"2024-04-17 19:46:34.631+00",11840,"","buy",61038.2,61040.5,61026.33,"297862053",205029826
"2024-04-17 19:46:34.631+00",500,"","buy",61038.2,61040.5,61026.33,"297862052",205029825
"2024-04-17 19:46:33.692+00",2490,"","buy",61038.2,61041,61025.84,"297862051",205029824
"2024-04-17 19:46:33.692+00",7510,"","buy",61038.2,61041,61025.84,"297862050",205029823
"2024-04-17 19:46:33.267+00",22780,"","buy",61026.54,61020,61014.18,"297862049",205029822
"2024-04-17 19:46:33.242+00",1720,"","buy",61026.54,61020,61014.18,"297862048",205029821
"2024-04-17 19:46:33.211+00",4500,"","sell",61026.54,61100,61085.75,"297862047",304624
"2024-04-17 19:46:33.211+00",5500,"","sell",61026.54,61100,61085.75,"297862046",304623
"2024-04-17 19:46:33.09+00",20,"","buy",61026.54,61020,61013.99,"297862044",205029819
"2024-04-17 19:46:33.09+00",500,"","buy",61026.54,61020,61013.99,"297862045",205029820
"2024-04-17 19:46:32.13+00",30,"","buy",61008.01,61009,60995.46,"297862043",205029818
"2024-04-17 19:46:32.13+00",5800,"","buy",61008.01,61009,60995.46,"297862042",205029817
"2024-04-17 19:46:32.124+00",1100,"","buy",61008.01,61009,60995.46,"297862041",205029816
"2024-04-17 19:46:32.108+00",7510,"","buy",61008.01,61009,60995.46,"297862040",205029815
"2024-04-17 19:46:32.102+00",1710,"","buy",61008.01,61009,60995.46,"297862039",205029814
"2024-04-17 19:46:32.082+00",7510,"","buy",61008.01,61009,60995.46,"297862038",205029813
"2024-04-17 19:46:32.08+00",610,"","buy",61008.01,61009,60995.46,"297862037",205029812
"2024-04-17 19:46:32.052+00",760,"","buy",61008.01,61009,60995.46,"297862036",205029811
"2024-04-17 19:46:31.693+00",5000,"","buy",61008.01,61000,60995.01,"297862035",205029810
"2024-04-17 19:46:30.705+00",14940,"","buy",61006.95,60999,60993.67,"297862034",205029809
"2024-04-17 19:46:28.475+00",10000,"","buy",61004.56,61000,60990.87,"297862031",205029808
"2024-04-17 19:46:28.273+00",530,"","buy",60992.5,60988,60978.81,"297862030",205029807
"2024-04-17 19:46:28.156+00",10000,"","sell",60992.5,61067.5,61049.41,"297862029",304622
"2024-04-17 19:46:27.947+00",1220,"","buy",60992.5,60988,60978.81,"297862028",205029806
"2024-04-17 19:46:27.943+00",6460,"","buy",60992.5,60988,60978.81,"297862027",205029805
"2024-04-17 19:46:27.901+00",3290,"","buy",60992.5,60988,60978.81,"297862026",205029804
"2024-04-17 19:46:27.893+00",1000,"","buy",60992.5,60988,60978.81,"297862025",205029803
"2024-04-17 19:46:27.888+00",30,"","buy",60992.5,60986.5,60978.81,"297862024",205029802
"2024-04-17 19:46:27.121+00",10,"","buy",60985.79,60965,60965.24,"297862023",85665
"2024-04-17 19:46:26.388+00",1490,"","buy",60985.79,60978,60971.36,"297862021",205029801
"2024-04-17 19:46:26.319+00",3260,"","buy",60985.79,60978,60971.36,"297862020",205029800
"2024-04-17 19:46:26.304+00",280,"","buy",60985.79,60978,60971.36,"297862019",205029799
"2024-04-17 19:46:26.09+00",7890,"","buy",60980.53,60971,60966.1,"297862016",205029797
"2024-04-17 19:46:26.09+00",25000,"","buy",60980.53,60971,60966.1,"297862017",205029798
"2024-04-17 19:46:25.57+00",2100,"","buy",60980.53,60971,60965.94,"297862014",205029796
"2024-04-17 19:46:25.566+00",1520,"","buy",60980.53,60971,60965.94,"297862013",205029795
"2024-04-17 19:46:24.159+00",180,"","buy",60976.19,60971,60961.46,"297862010",205029794
"2024-04-17 19:46:24.131+00",3320,"","buy",60976.19,60971,60961.46,"297862009",205029793
"2024-04-17 19:46:23.729+00",9990,"","buy",60976.19,60971,60961.23,"297862008",205029792
"2024-04-17 19:46:23.532+00",10,"","buy",60976.19,60965,60961.23,"297862007",205029791
"2024-04-17 19:46:23.289+00",10000,"","sell",60975.48,61042.5,61029.84,"297862006",304621
"2024-04-17 19:46:23.242+00",5000,"","buy",60976.19,60964,60961.23,"297862004",205029789
"2024-04-17 19:46:23.242+00",9340,"","buy",60976.19,60964.5,60961.23,"297862005",205029790
"2024-04-17 19:46:23.198+00",25000,"","buy",60976.19,60962.5,60961.23,"297862003",205029788
"2024-04-17 19:46:23.198+00",10,"","buy",60976.19,60962.5,60961.23,"297862001",205029786
"2024-04-17 19:46:23.198+00",30,"","buy",60976.19,60962.5,60961.23,"297862002",205029787
"2024-04-17 19:46:20.363+00",840,"","buy",60945.2,60932.5,60921.89,"297862000",85664
"2024-04-17 19:46:20.337+00",6560,"","buy",60945.2,60958.5,60929.04,"297861999",205029785
"2024-04-17 19:46:20.337+00",1530,"","buy",60945.2,60957,60929.04,"297861998",205029784
"2024-04-17 19:46:20.337+00",1210,"","buy",60945.2,60955,60929.04,"297861997",205029783
"2024-04-17 19:46:20.337+00",5000,"","buy",60945.2,60949.5,60929.04,"297861996",205029782
"2024-04-17 19:46:20.318+00",700,"","buy",60944.8,60932.5,60921.49,"297861995",85663
"2024-04-17 19:46:20.255+00",990,"","buy",60944.8,60932.5,60921.49,"297861994",85662
"2024-04-17 19:46:20.178+00",1790,"","buy",60944.8,60932.5,60921.49,"297861993",85661
"2024-04-17 19:46:20.141+00",11000,"","buy",60944.8,60932.5,60921.49,"297861992",85660
"2024-04-17 19:46:20.138+00",2420,"","buy",60944.8,61967.5,61953.86,"297861991",1159547
"2024-04-17 19:46:20.132+00",2810,"","buy",60944.8,61967.5,61953.86,"297861990",1159546
"2024-04-17 19:46:20.131+00",1770,"","buy",60944.8,61967.5,61953.86,"297861989",1159545
"2024-04-17 19:46:20.128+00",4680,"","buy",60944.8,60932.5,60921.49,"297861988",85659
"2024-04-17 19:46:20.125+00",3000,"","buy",60944.8,61967.5,61953.86,"297861987",1159544
"2024-04-17 19:46:20.111+00",1200,"","buy",60944.8,60947.5,60928.64,"297861986",205029781
"2024-04-17 19:46:20.108+00",2440,"","buy",60944.8,60942.5,60928.64,"297861984",205029779
"2024-04-17 19:46:20.108+00",10,"","buy",60944.8,60943,60928.64,"297861985",205029780
"2024-04-17 19:46:20.1+00",1900,"","buy",60944.8,60942,60928.64,"297861982",205029777
"2024-04-17 19:46:20.1+00",22560,"","buy",60944.8,60942.5,60928.64,"297861983",205029778
"2024-04-17 19:46:20.098+00",3100,"","buy",60944.8,60942,60928.64,"297861981",205029776
"2024-04-17 19:46:20.08+00",3820,"","buy",60944.8,61002.5,60997.97,"297861980",304620
"2024-04-17 19:46:20.072+00",9800,"","buy",60944.8,61002.5,60997.97,"297861978",304618
"2024-04-17 19:46:20.072+00",1200,"","buy",60944.8,61002.5,60997.97,"297861979",304619
"2024-04-17 19:46:20.066+00",4610,"","buy",60944.8,60934,60928.64,"297861977",205029775
"2024-04-17 19:46:20.064+00",9290,"","buy",60944.8,60934,60928.64,"297861976",205029774
"2024-04-17 19:46:20.063+00",240,"","buy",60944.8,61002.5,60997.97,"297861975",304617
"2024-04-17 19:46:20.062+00",11100,"","buy",60944.8,60934,60928.64,"297861974",205029773
"2024-04-17 19:46:19.707+00",2210,"","sell",60944.8,60945.5,60928.64,"297861973",205029772
"2024-04-17 19:46:19.707+00",10,"","sell",60944.8,60945.5,60928.64,"297861972",205029771
"2024-04-17 19:46:17.455+00",330,"","sell",60952.38,63222.5,63210.7,"297861971",444674
"2024-04-17 19:46:16.229+00",28560,"","buy",60948.75,66500,66528.83,"297861970",26762
"2024-04-17 19:46:15.871+00",1320,"","buy",60942.51,60932,60924.83,"297861969",205029770
"2024-04-17 19:46:15.871+00",130,"","buy",60942.51,60931,60924.83,"297861968",205029769
"2024-04-17 19:46:15.862+00",80,"","buy",60942.51,60931,60924.83,"297861967",205029768
"2024-04-17 19:46:15.852+00",1100,"","buy",60942.51,60931,60924.83,"297861966",205029767
"2024-04-17 19:46:15.833+00",3510,"","buy",60942.51,60931,60924.83,"297861965",205029766
"2024-04-17 19:46:15.823+00",970,"","buy",60942.51,60931,60924.83,"297861964",205029765
"2024-04-17 19:46:15.773+00",1400,"","buy",60942.51,60931,60924.83,"297861963",205029764
"2024-04-17 19:46:13.772+00",5790,"","buy",60937.63,66480,66519.31,"297861961",26761
"2024-04-17 19:46:13.748+00",40000,"","buy",60937.63,66480,66519.31,"297861960",26760
"2024-04-17 19:46:13.684+00",70000,"","buy",60937.63,66480,66519.31,"297861959",26759
"2024-04-17 19:46:13.664+00",47250,"","buy",60937.63,66480,66519.31,"297861958",26758
"2024-04-17 19:46:12.269+00",120,"","sell",60921.01,60911.5,60901.47,"297861957",205029763
"2024-04-17 19:46:12.163+00",2690,"","buy",60907.61,60916.5,60888.07,"297861955",205029761
"2024-04-17 19:46:12.163+00",4650,"","buy",60907.61,60917,60888.07,"297861956",205029762
"2024-04-17 19:46:12.022+00",1490,"","buy",60907.61,60912.5,60888.07,"297861954",205029760
"2024-04-17 19:46:11.72+00",1170,"","buy",60907.61,60900,60888.27,"297861953",205029759
"2024-04-17 19:46:11.526+00",25000,"","buy",60907.61,60883.5,60888.27,"297861952",205029758
"2024-04-17 19:46:11.496+00",2350,"","buy",60907.61,60882.5,60888.27,"297861951",205029757
"2024-04-17 19:46:11.496+00",25000,"","buy",60907.61,60882.5,60888.27,"297861950",205029756
"2024-04-17 19:46:11.481+00",10000,"","sell",60907.61,60965,60958.8,"297861949",304616
"2024-04-17 19:46:04.932+00",70,"","sell",60926.56,60907.5,60908.85,"297861945",205029755
"2024-04-17 19:46:02.85+00",1080,"","buy",60920.79,60904,60903.26,"297861944",205029754
"2024-04-17 19:46:02.83+00",3560,"","buy",60920.79,60902.5,60903.26,"297861943",205029753
"2024-04-17 19:46:02.828+00",8610,"","buy",60920.79,60902.5,60903.26,"297861942",205029752
"2024-04-17 19:46:02.811+00",500,"","buy",60920.79,60902.5,60903.26,"297861941",205029751
"2024-04-17 19:46:01.457+00",10,"","sell",60923.46,60907.5,60900.21,"297861940",85658
"2024-04-17 19:45:46.72+00",4850,"","buy",60939.59,66500,66544.5,"297861939",26757
"2024-04-17 19:45:44.362+00",180,"","sell",60924.04,60918.5,60907.92,"297861938",205029750
"2024-04-17 19:45:43.874+00",2480,"","buy",60919.49,60916,60903.37,"297861937",205029749
"2024-04-17 19:45:43.874+00",7510,"","buy",60919.49,60916,60903.37,"297861936",205029748
"2024-04-17 19:45:43.822+00",2510,"","sell",60919.49,60977.5,60972.13,"297861934",304615
"2024-04-17 19:45:43.822+00",10,"","buy",60919.49,60899.5,60903.37,"297861935",205029747
"2024-04-17 19:45:43.793+00",7490,"","sell",60919.49,60977.5,60972.13,"297861933",304614
"2024-04-17 19:45:43.791+00",2510,"","buy",60919.49,60899.5,60903.37,"297861932",205029746
"2024-04-17 19:45:43.753+00",2510,"","sell",60919.49,60977.5,60972.13,"297861931",304613
"2024-04-17 19:45:41.335+00",10,"","sell",60925.12,60904.5,60909.6,"297861930",205029745
"2024-04-17 19:45:41.335+00",15000,"","sell",60925.12,60904.5,60909.6,"297861928",205029743
"2024-04-17 19:45:41.335+00",10,"","sell",60925.12,60904.5,60909.6,"297861929",205029744
"2024-04-17 19:45:32.203+00",6080,"","sell",60939.55,60927,60925.84,"297861927",205029742
"2024-04-17 19:45:29.497+00",820,"","buy",60943.76,60997.5,60998.62,"297861926",304612
"2024-04-17 19:45:29.434+00",920,"","buy",60943.76,60997.5,60998.62,"297861925",304611
"2024-04-17 19:45:27.288+00",10,"","sell",60962.2,60951,60948.92,"297861924",205029741
"2024-04-17 19:45:27.282+00",1860,"","sell",60962.2,60951,60948.94,"297861923",205029740
"2024-04-17 19:45:26.939+00",6930,"","buy",60962.2,60951.5,60948.94,"297861921",205029738
"2024-04-17 19:45:26.939+00",7460,"","buy",60962.2,60951.5,60948.94,"297861922",205029739
"2024-04-17 19:45:25.593+00",6480,"","buy",60967.21,60959.5,60953.85,"297861919",205029736
"2024-04-17 19:45:25.593+00",7910,"","buy",60967.21,60959.5,60953.85,"297861920",205029737
"2024-04-17 19:45:24.882+00",10,"","buy",60967.21,60942.5,60945.71,"297861918",85657
"2024-04-17 19:45:23.065+00",18520,"","buy",60955.93,60959.5,60941.46,"297861917",205029735
"2024-04-17 19:45:23.065+00",10,"","buy",60955.93,60953.5,60941.46,"297861914",205029732
"2024-04-17 19:45:23.065+00",50,"","buy",60955.93,60955,60941.46,"297861915",205029733
"2024-04-17 19:45:23.065+00",2840,"","buy",60955.93,60957,60941.46,"297861916",205029734
"2024-04-17 19:45:22.378+00",30,"","buy",60954.69,60941.5,60940.22,"297861913",205029731
"2024-04-17 19:45:22.277+00",5180,"","sell",60954.69,63222.5,63211.86,"297861912",444673
"2024-04-17 19:45:22.266+00",3710,"","sell",60954.69,63222.5,63211.86,"297861911",444672
"2024-04-17 19:45:22.205+00",3980,"","buy",60954.69,60941.5,60940.19,"297861910",205029730
"2024-04-17 19:45:22.203+00",11150,"","buy",60954.69,60941.5,60940.19,"297861909",205029729
"2024-04-17 19:45:22.2+00",7160,"","buy",60954.69,60941.5,60940.19,"297861908",205029728
"2024-04-17 19:45:22.2+00",2980,"","buy",60954.69,60941.5,60940.19,"297861907",205029727
"2024-04-17 19:45:21.968+00",600,"","buy",60954.69,60941.5,60940.19,"297861906",205029726
"2024-04-17 19:45:21.949+00",600,"","sell",60954.69,61020,61008.75,"297861905",304610
"2024-04-17 19:45:21.624+00",21420,"","buy",60950.99,60941.5,60936.49,"297861904",205029725
"2024-04-17 19:45:19.534+00",170,"","sell",60941.8,60941,60926.96,"297861903",205029724
"2024-04-17 19:45:19.257+00",10,"","sell",60941.8,60940.5,60926.96,"297861902",205029723
"2024-04-17 19:45:19.211+00",750,"","buy",60941.8,60935,60926.7,"297861901",205029722
"2024-04-17 19:45:19.18+00",2390,"","buy",60941.8,60935,60926.7,"297861900",205029721
"2024-04-17 19:45:19.131+00",200,"","buy",60941.8,60935,60926.7,"297861899",205029720
"2024-04-17 19:45:19.066+00",2450,"","buy",60941.8,60935,60926.7,"297861898",205029719
"2024-04-17 19:45:14.923+00",1060,"","buy",60932.6,60918,60916.1,"297861895",205029716
"2024-04-17 19:45:14.923+00",310,"","buy",60932.6,60918,60916.1,"297861896",205029717
"2024-04-17 19:45:14.923+00",220,"","buy",60932.6,60918,60916.1,"297861897",205029718
"2024-04-17 19:45:14.739+00",1390,"","buy",60932.6,60918,60916.1,"297861894",205029715
"2024-04-17 19:45:14.732+00",510,"","buy",60932.6,60918,60916.1,"297861893",205029714
"2024-04-17 19:45:13.103+00",200,"","buy",60925.63,60906,60908.63,"297861892",205029713
"2024-04-17 19:45:13.1+00",1770,"","buy",60925.63,60905.5,60908.63,"297861891",205029712
"2024-04-17 19:45:13.096+00",1430,"","buy",60925.63,60905.5,60908.63,"297861890",205029711
"2024-04-17 19:45:13.093+00",800,"","buy",60925.63,60905.5,60908.63,"297861889",205029710
"2024-04-17 19:45:13.084+00",2620,"","buy",60925.63,60905.5,60908.63,"297861888",205029709
"2024-04-17 19:45:07.357+00",2640,"","buy",60909.24,60886,60892.04,"297861887",205029708
"2024-04-17 19:45:07.32+00",25000,"","buy",60909.24,60885,60892.58,"297861885",205029706
"2024-04-17 19:45:07.32+00",14380,"","buy",60909.24,60886,60892.58,"297861886",205029707
"2024-04-17 19:45:06.384+00",10,"","sell",60914.63,60960,60966.69,"297861884",304609
"2024-04-17 19:45:06.332+00",4100,"","sell",60914.63,60965,60966.69,"297861883",304608
"2024-04-17 19:45:06.331+00",11000,"","sell",60914.63,60965,60966.69,"297861882",304607
"2024-04-17 19:45:06.326+00",300,"","sell",60914.63,60965,60966.69,"297861881",304606
"2024-04-17 19:45:06.264+00",100,"","sell",60914.63,60965,60966.69,"297861880",304605
"2024-04-17 19:45:06.263+00",100,"","sell",60914.63,60965,60966.69,"297861879",304604
"2024-04-17 19:45:06.263+00",400,"","sell",60914.63,60965,60966.69,"297861878",304603
"2024-04-17 19:45:05.388+00",100,"","sell",60928.95,60909.5,60912.54,"297861877",205029705
"2024-04-17 19:45:03.45+00",100,"","sell",60936.36,63195,63190.81,"297861875",444671
"2024-04-17 19:45:03.407+00",5460,"","sell",60936.36,60927.5,60920.59,"297861874",205029704
"2024-04-17 19:44:57.51+00",730,"","buy",60938.29,60927.5,60922,"297861873",205029703
"2024-04-17 19:44:57.503+00",120,"","buy",60938.29,60927.5,60922,"297861872",205029702
"2024-04-17 19:44:57.487+00",230,"","buy",60938.29,60927.5,60922,"297861871",205029701
"2024-04-17 19:44:57.471+00",130,"","buy",60938.29,60927.5,60922,"297861870",205029700
"2024-04-17 19:44:57.461+00",1060,"","buy",60938.29,60927.5,60922,"297861869",205029699
"2024-04-17 19:44:57.445+00",530,"","buy",60938.29,60927.5,60922,"297861868",205029698
"2024-04-17 19:44:57.435+00",580,"","buy",60938.29,60927.5,60922,"297861867",205029697
"2024-04-17 19:44:57.39+00",100,"","buy",60938.29,60927.5,60922,"297861866",205029696
"2024-04-17 19:44:57.083+00",90,"","buy",60938.29,60919,60922,"297861865",205029695
"2024-04-17 19:44:57.075+00",1130,"","buy",60938.29,60919,60922,"297861864",205029694
"2024-04-17 19:44:57.029+00",420,"","buy",60938.29,60919,60922,"297861863",205029693
"2024-04-17 19:44:57.023+00",1190,"","buy",60938.29,60919,60922,"297861862",205029692
"2024-04-17 19:44:56.97+00",270,"","buy",60938.29,60919,60922,"297861861",205029691
"2024-04-17 19:44:56.957+00",940,"","buy",60938.29,60919,60922,"297861860",205029690
"2024-04-17 19:44:56.953+00",1440,"","buy",60938.29,60918.5,60922,"297861859",205029689
"2024-04-17 19:44:56.951+00",110,"","buy",60938.29,60918.5,60922.13,"297861858",205029688
"2024-04-17 19:44:56.948+00",1870,"","buy",60938.29,60918.5,60922.13,"297861857",205029687
"2024-04-17 19:44:52.409+00",50,"","buy",60933.27,60927.5,60917.04,"297861856",205029686
"2024-04-17 19:44:52.205+00",10,"","buy",60933.27,60912.5,60908.43,"297861855",85656
"2024-04-17 19:44:51.077+00",10,"","buy",60928.26,60913,60911.7,"297861854",205029685
"2024-04-17 19:44:51.077+00",15800,"","buy",60928.26,60913,60911.7,"297861853",205029684
"2024-04-17 19:44:51.076+00",5710,"","buy",60928.26,60913,60911.7,"297861852",205029683
"2024-04-17 19:44:51.068+00",200,"","buy",60928.26,60913,60911.7,"297861849",205029680
"2024-04-17 19:44:51.068+00",400,"","buy",60928.26,60913,60911.7,"297861850",205029681
"2024-04-17 19:44:51.068+00",3490,"","buy",60928.26,60913,60911.7,"297861851",205029682
"2024-04-17 19:44:46.013+00",17340,"","buy",60922.46,60901,60905.37,"297861847",205029679
"2024-04-17 19:44:46.011+00",7650,"","buy",60922.46,60901,60905.37,"297861846",205029678
"2024-04-17 19:44:46.011+00",50,"","buy",60922.46,60901,60905.37,"297861845",205029677
"2024-04-17 19:44:41.377+00",30,"","buy",60911.47,60890.5,60894.44,"297861844",205029676
"2024-04-17 19:44:40.766+00",1770,"","buy",60911.47,60890.5,60894.58,"297861843",205029675
"2024-04-17 19:44:40.763+00",3520,"","buy",60911.47,60890.5,60894.58,"297861842",205029674
"2024-04-17 19:44:40.758+00",610,"","buy",60911.47,60890.5,60894.58,"297861841",205029673
"2024-04-17 19:44:40.749+00",1820,"","buy",60911.47,60890.5,60894.58,"297861840",205029672
"2024-04-17 19:44:40.746+00",1500,"","buy",60911.47,60890.5,60894.58,"297861839",205029671
"2024-04-17 19:44:40.73+00",1150,"","buy",60911.47,60890.5,60894.58,"297861838",205029670
"2024-04-17 19:44:34.999+00",7510,"","buy",60912.22,60909.5,60895.59,"297861836",205029668
"2024-04-17 19:44:34.999+00",4980,"","buy",60912.22,60909.5,60895.59,"297861837",205029669
"2024-04-17 19:44:34.999+00",7510,"","buy",60912.22,60909.5,60895.59,"297861835",205029667
"2024-04-17 19:44:34.395+00",25000,"","buy",60911.72,60892.5,60894.67,"297861833",205029665
"2024-04-17 19:44:34.395+00",1940,"","buy",60911.72,60892.5,60894.67,"297861834",205029666
"2024-04-17 19:44:30.514+00",100,"","sell",60916.19,63175,63172.75,"297861832",444670
"2024-04-17 19:44:30.227+00",50,"","buy",60919.05,60892.5,60902.61,"297861831",205029664
"2024-04-17 19:44:28.959+00",750,"","buy",60911.02,60891.5,60894.54,"297861830",205029663
"2024-04-17 19:44:28.951+00",750,"","buy",60911.02,60891.5,60894.54,"297861829",205029662
"2024-04-17 19:44:28.933+00",1840,"","buy",60911.02,60891.5,60894.66,"297861828",205029661
"2024-04-17 19:44:25.244+00",160,"","sell",60934.71,60910,60909.17,"297861826",85655
"2024-04-17 19:44:20.746+00",4030,"","buy",60918.12,60972.5,60970.19,"297861825",304602
"2024-04-17 19:44:20.712+00",20,"","buy",60918.12,60902.5,60903.61,"297861823",205029659
"2024-04-17 19:44:20.712+00",1230,"","buy",60918.12,60902.5,60903.61,"297861824",205029660
"2024-04-17 19:44:20.102+00",40,"","buy",60911.67,60893,60897.16,"297861821",205029657
"2024-04-17 19:44:20.102+00",460,"","buy",60911.67,60893.5,60897.16,"297861822",205029658
"2024-04-17 19:44:20.102+00",190,"","buy",60911.67,60893,60897.16,"297861820",205029656
"2024-04-17 19:44:19.213+00",610,"","buy",60910.06,60892.5,60895.38,"297861819",205029655
"2024-04-17 19:44:18.578+00",1030,"","sell",60910.06,60890,60895.51,"297861818",205029654
"2024-04-17 19:44:18.39+00",740,"","sell",60910.06,60889,60895.51,"297861817",205029653
"2024-04-17 19:44:18.39+00",90,"","sell",60910.06,60893,60895.51,"297861816",205029652
"2024-04-17 19:44:14.989+00",180,"","sell",60913.66,60899,60899.64,"297861815",205029651
"2024-04-17 19:44:08.628+00",1150,"","sell",60916.02,64850,64855.28,"297861814",228761
"2024-04-17 19:44:07.74+00",10,"","buy",60920.1,60887.5,60896.38,"297861813",85654
"2024-04-17 19:44:07.655+00",20,"","buy",60920.1,60903,60906.01,"297861812",205029650
"2024-04-17 19:44:07.638+00",880,"","buy",60920.1,60903,60906.01,"297861811",205029649
"2024-04-17 19:44:07.636+00",800,"","buy",60920.1,60903,60906.01,"297861810",205029648
"2024-04-17 19:44:07.635+00",3870,"","buy",60920.1,60903,60906.01,"297861808",205029646
"2024-04-17 19:44:07.635+00",2930,"","buy",60920.1,60903,60906.01,"297861809",205029647
"2024-04-17 19:44:07.631+00",1220,"","buy",60920.1,60903,60906.01,"297861807",205029645
"2024-04-17 19:44:07.609+00",400,"","buy",60920.1,60903,60906.01,"297861806",205029644
"2024-04-17 19:44:07.605+00",220,"","buy",60920.1,60903,60906.01,"297861805",205029643
"2024-04-17 19:44:07.601+00",1690,"","buy",60920.1,60903,60906.01,"297861804",205029642
"2024-04-17 19:44:07.583+00",600,"","sell",60912.76,60982.5,60966.45,"297861802",304600
"2024-04-17 19:44:07.583+00",6200,"","sell",60912.76,60982.5,60966.45,"297861803",304601
"2024-04-17 19:44:07.574+00",300,"","buy",60920.1,60903,60906.01,"297861801",205029641
"2024-04-17 19:44:07.57+00",200,"","buy",60920.1,60903,60906.01,"297861800",205029640
"2024-04-17 19:44:02.963+00",2550,"","buy",60897.55,60887.5,60882.96,"297861799",205029639
"2024-04-17 19:44:02.96+00",600,"","buy",60897.55,60887.5,60882.96,"297861798",205029638
"2024-04-17 19:44:02.926+00",600,"","buy",60897.55,60887.5,60882.96,"297861797",205029637
"2024-04-17 19:44:02.889+00",600,"","buy",60897.55,60887.5,60882.96,"297861796",205029636
"2024-04-17 19:44:02.868+00",24320,"","buy",60897.55,60886,60882.96,"297861795",205029635
"2024-04-17 19:44:02.859+00",600,"","buy",60897.55,60886,60882.96,"297861794",205029634
"2024-04-17 19:44:02.858+00",80,"","buy",60897.55,60886,60882.96,"297861793",205029633
"2024-04-17 19:44:02.858+00",5000,"","buy",60897.55,60885.5,60882.96,"297861792",205029632
"2024-04-17 19:44:02.839+00",5290,"","buy",60897.55,60884,60882.96,"297861790",205029630
"2024-04-17 19:44:02.839+00",40,"","buy",60897.55,60884,60882.96,"297861791",205029631
"2024-04-17 19:44:02.837+00",19710,"","buy",60897.55,60884,60882.96,"297861789",205029629
"2024-04-17 19:44:00.333+00",10,"","sell",60901.79,60894,60887.33,"297861788",205029628
"2024-04-17 19:44:00.329+00",2510,"","sell",60901.79,60894,60887.33,"297861786",205029626
"2024-04-17 19:44:00.329+00",5450,"","sell",60901.79,60894,60887.33,"297861787",205029627
"2024-04-17 19:43:58.878+00",110,"","sell",60902.68,60894,60888.1,"297861785",205029625
"2024-04-17 19:43:53.436+00",380,"","buy",60912.05,60894,60896.72,"297861784",205029624
"2024-04-17 19:43:52.959+00",100,"","sell",60916.76,60902.5,60901.43,"297861780",205029620
"2024-04-17 19:43:52.959+00",780,"","sell",60916.76,60902.5,60901.43,"297861783",205029623
"2024-04-17 19:43:52.959+00",780,"","sell",60916.76,60902.5,60901.43,"297861782",205029622
"2024-04-17 19:43:52.959+00",100,"","sell",60916.76,60902.5,60901.43,"297861781",205029621
"2024-04-17 19:43:52.219+00",800,"","buy",60916.76,60903,60901.39,"297861779",205029619
"2024-04-17 19:43:52.212+00",2300,"","buy",60916.76,60903,60901.39,"297861778",205029618
"2024-04-17 19:43:52.207+00",1280,"","buy",60916.76,60903,60901.39,"297861777",205029617
"2024-04-17 19:43:52.141+00",3860,"","buy",60916.76,60903,60901.39,"297861776",205029616
"2024-04-17 19:43:50.21+00",20,"","buy",60911.19,60903,60895.41,"297861775",205029615
"2024-04-17 19:43:49.479+00",8190,"","buy",60903.29,60902.5,60886.93,"297861772",205029612
"2024-04-17 19:43:49.479+00",2970,"","buy",60903.29,60902.5,60886.93,"297861773",205029613
"2024-04-17 19:43:49.479+00",8840,"","buy",60903.29,60903,60886.93,"297861774",205029614
"2024-04-17 19:43:49.173+00",90,"","buy",60898.11,61540,61543.08,"297861771",42144
"2024-04-17 19:43:48.814+00",12500,"","buy",60898.11,60888,60881.75,"297861770",205029611
"2024-04-17 19:43:48.757+00",10,"","buy",60898.11,60883.5,60881.75,"297861769",205029610
"2024-04-17 19:43:48.584+00",2460,"","buy",60898.11,60883,60881.73,"297861768",205029609
"2024-04-17 19:43:48.573+00",30,"","buy",60898.11,60882.5,60881.73,"297861766",205029607
"2024-04-17 19:43:48.573+00",2540,"","buy",60898.11,60883,60881.73,"297861767",205029608
"2024-04-17 19:43:48.565+00",620,"","buy",60898.11,60882.5,60881.73,"297861765",205029606
"2024-04-17 19:43:48.563+00",240,"","buy",60898.11,60882.5,60881.73,"297861764",205029605
"2024-04-17 19:43:43.143+00",10,"","buy",60879.62,60837.5,60852.03,"297861762",85653
"2024-04-17 19:43:43.135+00",40,"","buy",60879.62,60857.5,60861.65,"297861761",205029604
"2024-04-17 19:43:43.135+00",10,"","buy",60879.62,60857.5,60861.65,"297861760",205029603
"2024-04-17 19:43:43.131+00",5970,"","buy",60879.62,60857.5,60861.65,"297861759",205029602
"2024-04-17 19:43:43.131+00",20,"","buy",60879.62,60857.5,60861.65,"297861758",205029601
"2024-04-17 19:43:42.244+00",3540,"","buy",60878.49,60857.5,60860.54,"297861757",205029600
"2024-04-17 19:43:42.24+00",3580,"","buy",60878.49,60857.5,60860.54,"297861756",205029599
"2024-04-17 19:43:36.494+00",500,"","buy",60863.93,60857,60845.24,"297861755",205029598
"2024-04-17 19:43:34.48+00",1420,"","buy",60852.41,60832,60833.22,"297861754",205029597
"2024-04-17 19:43:33.973+00",3420,"","buy",60852.41,60832,60833.22,"297861753",205029596
"2024-04-17 19:43:33.951+00",80,"","buy",60851.66,60832,60832.47,"297861752",205029595
"2024-04-17 19:43:33.823+00",15090,"","buy",60851.66,60831.5,60832.47,"297861751",205029594
"2024-04-17 19:43:33.822+00",9910,"","buy",60851.66,60831.5,60832.47,"297861750",205029593
